category,walk_id,sample_id,rank_group,step,fitness,genotype,mutation_attempts
f1,1-1,1,best,0,0.0018923879070592985,CQXXXX,0
f1,1-1,1,best,1,0.006666220924305483,CQXXXXX,1
f1,1-1,1,best,2,0.0692601465530419,XCQXXXXX,1
f1,1-1,1,best,3,0.05773229584308454,XClQXXXXX,1
f1,1-1,1,best,4,0.0799112134559403,XClQXLXXXX,2
f1,1-1,1,best,5,0.05773229584308454,XClQXXXXX,1
f1,1-1,1,best,6,0.05773229584308454,XClQXMXXXX,1
f1,1-1,1,best,7,0.05773229584308454,XClQXMXXmXX,1
f1,1-1,1,best,8,0.038794462987107536,XXClQXMXXmXX,1
f1,1-1,1,best,9,0.019916316896132075,qXXClQXMXXmXX,1
f1,1-1,1,best,10,0.06471356345832913,qXXClQQXMXXmXX,1
f1,1-1,1,best,11,0.06462331847651587,qXQXClQQXMXXmXX,1
f1,1-1,1,best,12,0.12581217187177007,qCXQXClQQXMXXmXX,1
f1,1-1,1,best,13,0.12581217187177007,qCXQMXClQQXMXXmXX,1
f1,1-1,1,best,14,0.014072926340801888,"(qCXQMXClQQX, MXXmXX)",1
f1,1-1,1,best,15,0.014072926340801888,"(qCXQMXClQQX, XXmXX)",1
f1,1-1,1,best,16,0.013118165395482046,"(CXQMXClQQX, XXmXX)",1
f1,1-1,1,best,17,0.008801245469826195,"(XQMXClQQX, XXmXX)",1
f1,1-1,1,best,18,0.008801245469826177,"(XQMXClQQX, XXqmXX)",2
f1,1-1,1,best,19,0.008899104406788552,"((XQMXClQQX, X), XqmXX)",3
f1,1-1,1,best,20,0.008899104406788552,"((XQMXClQQX, X), FXqmXX)",1
f1,1-1,1,best,21,0.008899104406788552,"((XQMXClQQX, X), FXqmXX)",1
f1,1-1,1,best,22,0.008899104406788545,"((XQMXClQQX, X), FXmXX)",1
f1,1-1,1,best,23,0.008899104406788545,"((XQMXClQQX, X), XmXX)",1
f1,1-1,1,best,24,0.012008064793437663,"((XQMXClQQX, X), XX)",1
f1,1-1,1,best,25,0.02032964109042354,"((XQMXCClQQX, X), XX)",1
f1,1-1,1,best,26,0.02032964109042354,"(((XQMXCClQQX), X), XX)",1
f1,1-1,1,best,27,0.02032964109042354,"(m((XQMXCClQQX), X), XX)",1
f1,1-1,1,best,28,0.02032964109042354,"(m(m(XQMXCClQQX), X), XX)",1
f1,1-1,1,best,29,0.02032964109042354,"((m(mXQMXCClQQX), X), XX)",1
f1,1-1,1,best,30,0.02032964109042354,"((m(XQMXCClQQX), X), XX)",1
f1,1-2,2,best,0,0.16429312138667707,XRfcQXFXcccX,0
f1,1-2,2,best,1,0.19711904838231556,LXRfcQXFXcccX,1
f1,1-2,2,best,2,0.11475789160969611,LXRfcQXRFXcccX,1
f1,1-2,2,best,3,0.05615626233218118,LXRRfcQXRFXcccX,1
f1,1-2,2,best,4,0.03959219378541,LXRRfcQXRFXccCcX,1
f1,1-2,2,best,5,0.07081738980489817,LXRRfcQXFXccCcX,1
f1,1-2,2,best,6,0.04563573782259948,XRRfcQXFXccCcX,1
f1,1-2,2,best,7,0.04543432530504706,XRRfcQXXccCcX,1
f1,1-2,2,best,8,0.03560676467515586,XRRfcQXXcccX,1
f1,1-2,2,best,9,0.017438622802799196,"(X, RRfcQXXcccX)",1
f1,1-2,2,best,10,0.005786861678878454,"l(X, RRfcQXXcccX)",1
f1,1-2,2,best,11,0.0057868616788784594,"l(RX, RRfcQXXcccX)",1
f1,1-2,2,best,12,0.021951870545328486,"l(RX, RRfcQXXcccXX)",2
f1,1-2,2,best,13,0.0335107489185006,"(lRX, RRfcQXXcccXX)",1
f1,1-2,2,best,14,0.033529264782962365,"(RLlX, RRfcQXXcccXX)",1
f1,1-2,2,best,15,0.02751457108030046,"(RLlX, RRfcQXXccXX)",1
f1,1-2,2,best,16,0.027522570112549032,"f(RLlX, RRfcQXXccXX)",1
f1,1-2,2,best,17,0.02108996858562854,"f(RLlX, RRfcQXXccXlX)",1
f1,1-2,2,best,18,0.01783002208072375,"f(RLlX, RRfcQXXcXlX)",1
f1,1-2,2,best,19,0.01781194399469689,"f(RLlX, RRfcQXfXcXlX)",1
f1,1-2,2,best,20,0.01800813679623968,"(RLlX, RRfcQXfXcXlX)",1
f1,1-2,2,best,21,0.01804050238708235,"(RLlX, RRfcQXXcXlX)",1
f1,1-2,2,best,22,0.031302180440600194,"L(RLlX, RRfcQXXcXlX)",1
f1,1-2,2,best,23,0.02792344170636141,"L(RLlX, RRfcQXXcX)",3
f1,1-2,2,best,24,0.02794269376209645,"L(RLlX, RRcQXXcX)",1
f1,1-2,2,best,25,0.24347368141154435,"qL(RLlX, RRcQXXcX)",1
f1,1-2,2,best,26,0.19124724990183037,"qL(RLlX, RRcQXXcXX)",1
f1,1-2,2,best,27,0.27135085979641904,"qL(RLlX, RRcQXcXX)",1
f1,1-2,2,best,28,0.27135085979641904,"qL(RLlX, RRcQXcmXX)",1
f1,1-2,2,best,29,0.27135085979641876,"qL(RLlX, RRcQXcmXRX)",1
f1,1-2,2,best,30,0.27135085979641904,"qL(RLlX, RRcQXcmXX)",1
f1,1-3,3,best,0,0.48501601133596084,XcXcLQQXmcXrXmLX,0
f1,1-3,3,best,1,0.25622651708266375,XXcLQQXmcXrXmLX,1
f1,1-3,3,best,2,0.322187307090426,XXcLQQXmcXXrXmLX,1
f1,1-3,3,best,3,0.355211546636959,XXcLQQXmcXXrXmLcX,1
f1,1-3,3,best,4,0.3513583038276374,XXcLQQXmcXRXrXmLcX,1
f1,1-3,3,best,5,0.27687486983567944,"(X(X), cLQQXmcXRXrXmLcX)",1
f1,1-3,3,best,6,0.23836622270366983,"(X(XX), cLQQXmcXRXrXmLcX)",1
f1,1-3,3,best,7,0.23836622270366983,"(X(XX), cLQQXmcXRXrXLcX)",1
f1,1-3,3,best,8,0.2383662227036692,"(X(RXX), cLQQXmcXRXrXLcX)",1
f1,1-3,3,best,9,0.23377142388915323,"(X(RXX), cLQQXmcXRXrXcX)",1
f1,1-3,3,best,10,0.23377142388915323,"(X(RMXX), cLQQXmcXRXrXcX)",1
f1,1-3,3,best,11,0.216690716105322,"(X(RMXX), cLQQXmcXRXcX)",1
f1,1-3,3,best,12,0.24558399030431252,"(X(RMXX), LcLQQXmcXRXcX)",1
f1,1-3,3,best,13,0.2913867862084094,"(X(RMXX), LcLQQXmcXRX)",1
f1,1-3,3,best,14,0.29138678620840974,"(X(RMXX), LcLQQXmcXRRX)",1
f1,1-3,3,best,15,0.2917089481664801,"(X(RLMXX), LcLQQXmcXRRX)",1
f1,1-3,3,best,16,0.2913272654607147,"(X(RLLMXX), LcLQQXmcXRRX)",2
f1,1-3,3,best,17,0.33777653601378094,"(X(RLLMXX), XLcLQQXmcXRRX)",1
f1,1-3,3,best,18,0.3377765360137644,"(X(LLMXX), XLcLQQXmcXRRX)",1
f1,1-3,3,best,19,0.33777653601378604,"(XQ(LLMXX), XLcLQQXmcXRRX)",1
f1,1-3,3,best,20,0.03995420518101736,"(XQ(LLMXX), XLcLQQXRRX)",1
f1,1-3,3,best,21,0.03995420518101737,"(X(LLMXX), XLcLQQXRRX)",1
f1,1-3,3,best,22,0.029644903999527197,"(X(LLMXX), XXLcLQQXRRX)",1
f1,1-3,3,best,23,0.029644903999527197,"(XM(LLMXX), XXLcLQQXRRX)",1
f1,1-3,3,best,24,0.029644903999527246,"(XM(LLMXX), XXLcLQQXRX)",1
f1,1-3,3,best,25,0.02963448803471465,"(XM(LMXX), XXLcLQQXRX)",1
f1,1-3,3,best,26,0.0282357277150551,"((X), M(LMXX), XXLcLQQXRX)",1
f1,1-3,3,best,27,0.02894978640138188,"((X), M(LMXX, XXLcLQQXRX))",1
f1,1-3,3,best,28,0.04555752196911714,"((X), M(X, XXLcLQQXRX))",2
f1,1-3,3,best,29,0.04555752196911719,"((X), M(qX, XXLcLQQXRX))",1
f1,1-3,3,best,30,0.04569876854558174,"(L(X), M(qX, XXLcLQQXRX))",2
f1,1-4,4,best,0,0.5840066206886622,"XC((XL(rlfqXm(X, XX), FX)))",0
f1,1-4,4,best,1,0.09066213259707302,"XC((XL(lfqXm(X, XX), FX)))",1
f1,1-4,4,best,2,0.06741379450027321,"XC((X(lfqXm(X, XX), FX)))",1
f1,1-4,4,best,3,0.05626223738922793,"XC((X(lfqXm(X, X,X), FX)))",1
f1,1-4,4,best,4,0.05621827528641462,"XC((X(lfqXm(X, fX,X), FX)))",1
f1,1-4,4,best,5,0.05621827528641462,"XC((X(lfqXm(mX, fX,X), FX)))",1
f1,1-4,4,best,6,0.05437717437391319,"XC((X(lfqXm(mX, fX,XX), FX)))",1
f1,1-4,4,best,7,0.08580220977794269,"XC((X(lfqXXm(mX, fX,XX), FX)))",1
f1,1-4,4,best,8,0.14036087427366783,"XC((X(lfqXcXm(mX, fX,XX), FX)))",1
f1,1-4,4,best,9,0.09235854912885391,"XC((X(lfqXcXm(mX, fXX,XX), FX)))",1
f1,1-4,4,best,10,0.07627996095342977,"XC((X(lfqXXm(mX, fXX,XX), FX)))",1
f1,1-4,4,best,11,0.06224140011490588,"C((X(lfqXXm(mX, fXX,XX), FX)))",1
f1,1-4,4,best,12,0.008595057890198573,"C((X(lfqXXm(mX, fXX,XX), )))",1
f1,1-4,4,best,13,0.009079645209031562,"C((X(lfqXXmq(mX, fXX,XX), )))",1
f1,1-4,4,best,14,0.029279823458967066,"C((X(lfqXXmq(mX, fCXX,XX), )))",1
f1,1-4,4,best,15,0.029279823458967066,"C((X(lfqXXmq(mX, fCXX,XMX), )))",1
f1,1-4,4,best,16,0.2725709747798439,"C((X(lfqXXmq(mX fCXX,XMX), )))",1
f1,1-4,4,best,17,0.37913812420903087,"C((X(lfqXXmLq(mX fCXX,XMX), )))",1
f1,1-4,4,best,18,0.16309967983428209,"rC((X(lfqXXmLq(mX fCXX,XMX), )))",1
f1,1-4,4,best,19,0.1955112815402058,"rC((X(XmLq(mX fCXX,XMX), )))",1
f1,1-4,4,best,20,0.20496999623750844,"rC((qX(XmLq(mX fCXX,XMX), )))",1
f1,1-4,4,best,21,0.3241906969953081,"C((qX(XmLq(mX fCXX,XMX), )))",1
f1,1-4,4,best,22,0.19880075359096672,"C(qX(XmLq(mX fCXX,XMX, )))",1
f1,1-4,4,best,23,0.05291879348552833,"C(qX(XmLq(fCXX,XMX, )))",1
f1,1-4,4,best,24,0.0421369305379088,"C(qX(XmLq(fCXXXMX, )))",1
f1,1-4,4,best,25,0.038790821427855664,"XC(qX(XmLq(fCXXXMX, )))",1
f1,1-4,4,best,26,0.038790821427855664,"MXC(qX(XmLq(fCXXXMX, )))",1
f1,1-4,4,best,27,0.039115310893840786,"MXC(qX(XmLq(CXXXMX, )))",1
f1,1-4,4,best,28,0.07838181091374334,"MXC(qX(XmLq(XXMX, )))",1
f1,1-4,4,best,29,0.09358733672955658,"MXqC(qX(XmLq(XXMX, )))",1
f1,1-4,4,best,30,0.060075147152480565,"MXqC(qX(XmLq(XXMX, ),))",1
f1,1-5,5,best,0,0.7220781473722768,rC(rXCXmLXrCqXCLMCXFXCX LX),0
f1,1-5,5,best,1,0.5056856815814321,rC(rXCXmXrCqXCLMCXFXCX LX),1
f1,1-5,5,best,2,0.2883032207386574,rC(rXCXmXrCqXFXCX LX),1
f1,1-5,5,best,3,0.3484557609850242,"rC(rX,CXmXrCqXFXCX LX)",1
f1,1-5,5,best,4,0.3484557609850242,"rC(rX,CXmmXrCqXFXCX LX)",1
f1,1-5,5,best,5,0.13974448192025393,"rqC(rX,CXmmXrCqXFXCX LX)",1
f1,1-5,5,best,6,0.13874438554472923,"rqC(rX,CXmmXrCqXXCX LX)",1
f1,1-5,5,best,7,0.13874438554472923,"rqC(rX,CXmmXrCqXmXCX LX)",1
f1,1-5,5,best,8,0.13874438554472923,"rqC(rX,CXmXrCqXmXCX LX)",1
f1,1-5,5,best,9,0.1662563066678548,rqC(rXCXmXrCqXmXCX LX),1
f1,1-5,5,best,10,0.2881328503959338,rC(rXCXmXrCqXmXCX LX),1
f1,1-5,5,best,11,0.29265669107201875,rC(rCXCXmXrCqXmXCX LX),1
f1,1-5,5,best,12,0.25167341942133453,rC(rCXCXrCqXmXCX LX),1
f1,1-5,5,best,13,0.3146662537802416,"rC(rCXCXrCqXmXCX ,LX)",1
f1,1-5,5,best,14,0.31493851604268397,"rC(rCXCXrCqXmXX ,LX)",1
f1,1-5,5,best,15,0.21824224669300551,"rC(CXrCqXmXX ,LX)",1
f1,1-5,5,best,16,0.21824224669300551,"rC(CXrCqXXX ,LX)",1
f1,1-5,5,best,17,0.3257359029187017,"XrC(CXrCqXXX ,LX)",1
f1,1-5,5,best,18,0.32808888356744115,"XrC(XrCqXXX ,LX)",1
f1,1-5,5,best,19,0.14846009987287342,"XrC(XrCqXX(X, ), LX)",1
f1,1-5,5,best,20,0.12212234556722291,"XrCXrCqXX(X, , LX)",1
f1,1-5,5,best,21,0.03170123409716544,"XrCXX(X, , LX)",1
f1,1-5,5,best,22,0.031233367021110143,"XrCXX(X, , X)",1
f1,1-5,5,best,23,0.03103444899493524,"XrCXX(X,  X)",1
f1,1-5,5,best,24,0.032125783254638045,"XrCX(X(X),  X)",1
f1,1-5,5,best,25,0.032125783254638045,"XrCX(X(mX),  X)",1
f1,1-5,5,best,26,0.025133789414155363,"XrCX(XX(mX),  X)",1
f1,1-5,5,best,27,0.020118390367434232,"XrCX(XX(mXX),  X)",2
f1,1-5,5,best,28,0.02011929550091156,"XrCX(XX(mFXX),  X)",1
f1,1-5,5,best,29,0.0357085030601047,"XrrCX(XX(mFXX),  X)",1
f1,1-5,5,best,30,0.03002496532786882,"XrrCX(XX(mFXXX),  X)",1
f1,1-6,6,high,0,0.8178132591424675,"C((LXL(rlfqXL(X, XmX), RLFX)))",0
f1,1-6,6,high,1,0.8178132591424677,"C((LXL(rlfqXL(X, XmqX), RLFX)))",1
f1,1-6,6,high,2,0.7061159864829506,"CX((LXL(rlfqXL(X, XmqX), RLFX)))",1
f1,1-6,6,high,3,0.5464204224322571,"CX((LXL(rlfqXL(, XmqX), RLFX)))",1
f1,1-6,6,high,4,0.5369851164474422,"CX((LXL(rlfqXL(, XfmqX), RLFX)))",1
f1,1-6,6,high,5,0.5076518059191961,"CX((XL(rlfqXL(, XfmqX), RLFX)))",1
f1,1-6,6,high,6,0.5076518059191958,"CX((XL(rlfqXL(, XfmX), RLFX)))",2
f1,1-6,6,high,7,0.34728642038537644,"CX((XL(rlfqXL(, X), RLFX)))",1
f1,1-6,6,high,8,0.3659128532851205,"CX((L(rlfqXL(, X), RLFX)))",1
f1,1-6,6,high,9,0.22704540937643164,"X((L(rlfqXL(, X), RLFX)))",1
f1,1-6,6,high,10,0.22704540937643164,"mX((L(rlfqXL(, X), RLFX)))",1
f1,1-6,6,high,11,0.22704540937643164,"mX((L(rlfqXL(, X), RLFX)))",2
f1,1-6,6,high,12,0.2270398817235469,"mX((L(rlfqXL(, X), RLX)))",1
f1,1-6,6,high,13,0.3119786033243693,"mX((L(rlfqXL(, X), RCLX)))",1
f1,1-6,6,high,14,0.3119786033243693,"mX(((L(rlfqXL(, X), RCLX))))",1
f1,1-6,6,high,15,0.29367075156399053,"mX((((rlfqXL(, X), RCLX))))",1
f1,1-6,6,high,16,0.07850058764222262,"mX((((rlfqXLX(, X), RCLX))))",1
f1,1-6,6,high,17,0.07840701265491268,"mfX((((rlfqXLX(, X), RCLX))))",1
f1,1-6,6,high,18,0.03188682176478921,"qmfX((((rlfqXLX(, X), RCLX))))",1
f1,1-6,6,high,19,0.0318868217647892,"qmfX((((rlfqXLX(, X), CLX))))",1
f1,1-6,6,high,20,0.03189068115400714,"qmfX((((rlfqXLXF(, X), CLX))))",1
f1,1-6,6,high,21,0.03189068115400714,"qmfX(M(((rlfqXLXF(, X), CLX))))",1
f1,1-6,6,high,22,0.17448857943601562,"qmfX(M(((rlfqXLcXF(, X), CLX))))",2
f1,1-6,6,high,23,0.12492460923530868,"qmfX(M(((rlfqXLcXF(, X), ))))",1
f1,1-6,6,high,24,0.02645148161961036,"qmfX(M(((rlfqXLcXF(, X) ))))",1
f1,1-6,6,high,25,0.020996656299123274,"QqmfX(M(((rlfqXLcXF(, X) ))))",1
f1,1-6,6,high,26,0.020996335017512666,"QqmfX(M(((rlfqXLcX(, X) ))))",1
f1,1-6,6,high,27,0.020996335017512666,"QqmfX((((rlfqXLcX(, X) ))))",1
f1,1-6,6,high,28,0.0002644055836343013,"QqmfX((((rlfqXLccX(, X) ))))",1
f1,1-6,6,high,29,0.0002692622170326139,"QqmfX((((rlffqXLccX(, X) ))))",1
f1,1-6,6,high,30,0.0002692622170326139,"QqmfX((((rlffqXLccX((, X)) ))))",1
f1,1-7,7,high,0,0.882531061149138,RXrrLCXCFXXLXrCqXCLMCXFXmX,0
f1,1-7,7,high,1,0.882531061149138,RXrrLCXCFXXLXrMCqXCLMCXFXmX,1
f1,1-7,7,high,2,0.030148122892283233,RXrrLCXCFXXLXCLMCXFXmX,1
f1,1-7,7,high,3,0.03014782122208662,RXrrLCXCFXXLXCLMCXXmX,1
f1,1-7,7,high,4,0.035897152156020205,RXrrLCXCFXXCLMCXXmX,1
f1,1-7,7,high,5,0.035897152156020205,RXrrLCXCFXXCLMCXXX,1
f1,1-7,7,high,6,0.17338824834811628,"(RXrrLCXCFX(X), CLMCXXX)",1
f1,1-7,7,high,7,0.17355058120401734,"(RXrrLCXCX(X), CLMCXXX)",1
f1,1-7,7,high,8,0.19653690814089964,"(RXrrLCXCX(X), CLMCXX)",1
f1,1-7,7,high,9,0.1965369081408997,"(RXrrLCXCX(RX), CLMCXX)",1
f1,1-7,7,high,10,0.04874434618547465,"(RXCX(RX), CLMCXX)",1
f1,1-7,7,high,11,0.05876761913178253,"(RXCX(RX), X)",2
f1,1-7,7,high,12,0.05876761913178253,"(RXCX(RX), mX)",1
f1,1-7,7,high,13,0.058767619131782405,"(RXCX(X), mX)",1
f1,1-7,7,high,14,0.058767059745469065,"(RXfCX(X), mX)",1
f1,1-7,7,high,15,0.08692430099992458,"(,RXfCX(X), mX)",1
f1,1-7,7,high,16,0.08692468869217573,"(,RXfCXf(X), mX)",1
f1,1-7,7,high,17,0.09960994860955875,"(,RXfCXf(LX), mX)",1
f1,1-7,7,high,18,0.10433681350775315,"(,RXfCXf(LLX), mX)",1
f1,1-7,7,high,19,0.059689854641204555,"(, RXfCXf((LLX), ), mX)",1
f1,1-7,7,high,20,0.12542320259859488,"R(, RXfCXf((LLX), ), mX)",1
f1,1-7,7,high,21,0.12542320259859488,"R(, RXfCXf((LLX), ), X)",1
f1,1-7,7,high,22,0.12542320259859488,"R(, RXfCXf((LLX), ), (X))",1
f1,1-7,7,high,23,0.12542320259859488,"R(, RXfCXf(m(LLX), ), (X))",1
f1,1-7,7,high,24,0.12542320259860607,"R(, RXfCXrf(m(LLX), ), (X))",1
f1,1-7,7,high,25,0.1254232025986083,"R(, RXfCXrf(m(LLX), ), r(X))",1
f1,1-7,7,high,26,0.12492751549917268,"R(, RXfCXrf(m(LX), ), r(X))",1
f1,1-7,7,high,27,0.09953014381368658,"R(, RXfCXrf(m(LX), ), Xr(X))",1
f1,1-7,7,high,28,0.0995301438136867,"R(, RXfCXrf(m(LX), ), Xr(rX))",1
f1,1-7,7,high,29,0.09953014381368652,"R(, RXfCXf(m(LX), ), Xr(rX))",1
f1,1-7,7,high,30,0.11627897183377996,"RC(, RXfCXf(m(LX), ), Xr(rX))",1
f1,1-8,8,high,0,0.9103331204755007,MXrrLLCXCXLmLXrCqXCLMCFXCFX mLX,0
f1,1-8,8,high,1,0.48110911816204915,rrLLCXCXLmLXrCqXCLMCFXCFX mLX,1
f1,1-8,8,high,2,0.6744135544662342,rrLLCXLmLXrCqXCLMCFXCFX mLX,1
f1,1-8,8,high,3,0.42359155365319584,"(rrLLCXLmLXrCqX(CLMCFX), CFXmLX)",2
f1,1-8,8,high,4,0.42359155365319584,"(rrLLCXLmLXrCqX(CLMCFX), mCFXmLX)",1
f1,1-8,8,high,5,0.5005415293402969,"(rrLLCXLmLXrCqX(CLMCFXX), mCFXmLX)",1
f1,1-8,8,high,6,0.5005415293402969,"(rrLLCXLmLXrCqX(CLMCFXmX), mCFXmLX)",1
f1,1-8,8,high,7,0.5005415293402969,"(rrLLCXLmLXrCqX(CLMCFXmX), mCFXmLX)",1
f1,1-8,8,high,8,0.6354669244799497,"(rrLLCXXLmLXrCqX(CLMCFXmX), mCFXmLX)",1
f1,1-8,8,high,9,0.6887801993094825,"(rrLLCXXLmLXrCqX(CLMCFXcmX), mCFXmLX)",1
f1,1-8,8,high,10,0.6887801993094825,"(rrLLCXXLmLXrCqX(CLMCFXcmX), (mCFXmLX))",1
f1,1-8,8,high,11,0.365454403860691,"(rrLLCXXLmLXXrCqX(CLMCFXcmX), (mCFXmLX))",1
f1,1-8,8,high,12,0.41444239374505903,"r(rrLLCXXLmLXXrCqX(CLMCFXcmX), (mCFXmLX))",1
f1,1-8,8,high,13,0.3768746762350914,"r(XrrLLCXXLmLXXrCqX(CLMCFXcmX), (mCFXmLX))",1
f1,1-8,8,high,14,0.2699840777546879,"r(XrrLLCXXLmLXXCqX(CLMCFXcmX), (mCFXmLX))",1
f1,1-8,8,high,15,0.30203841295181955,"r(XrrLLCXXLmLXXCqX(CLMCFXcmX), (mCFX))",1
f1,1-8,8,high,16,0.13027984874890222,"r(XrrLLCXXLmLXQXCqX(CLMCFXcmX), (mCFX))",1
f1,1-8,8,high,17,0.4250427778438093,"r((XrrLLCXXLmLX), QXCqX(CLMCFXcmX), (mCFX))",1
f1,1-8,8,high,18,0.41681783325354527,"r((XrrLLCXXLmLX), QXCqX(CLLMCFXcmX), (mCFX))",1
f1,1-8,8,high,19,0.41681783325354516,"r((XrrLLCXXrLmLX), QXCqX(CLLMCFXcmX), (mCFX))",1
f1,1-8,8,high,20,0.35424276065637406,"r((XrrLLCXQXrLmLX), QXCqX(CLLMCFXcmX), (mCFX))",1
f1,1-8,8,high,21,0.35424276065637406,"r((XrrLLCXQXrLmLX), QXCqXCLLMCFXcmX, (mCFX))",1
f1,1-8,8,high,22,0.3771427346993953,"r((CXrrLLCXQXrLmLX), QXCqXCLLMCFXcmX, (mCFX))",1
f1,1-8,8,high,23,0.37714273469939097,"r((CXrrLLCXQXrLqmLX), QXCqXCLLMCFXcmX, (mCFX))",1
f1,1-8,8,high,24,0.37714273469939097,"r((CXrrLLCXQXrLqmLX), QXCqXCLLMCFXcmMX, (mCFX))",1
f1,1-8,8,high,25,0.18445409989822742,"r((CXrrLLCXQXrLqmLX), XCqXCLLMCFXcmMX, (mCFX))",1
f1,1-8,8,high,26,0.17552083516146078,"r((CXrrLLCfXQXrLqmLX), XCqXCLLMCFXcmMX, (mCFX))",1
f1,1-8,8,high,27,0.17552083516146078,"r((CX(rrLLCfXQXrLqmLX)), XCqXCLLMCFXcmMX, (mCFX))",1
f1,1-8,8,high,28,0.17426190446623674,"r(,(CX(rrLLCfXQXrLqmLX)), XCqXCLLMCFXcmMX, (mCFX))",1
f1,1-8,8,high,29,0.17552083516146078,"r((CX(rrLLCfXQXrLqmLX)), XCqXCLLMCFXcmMX, (mCFX))",1
f1,1-8,8,high,30,0.2409428881205312,"r((CX(rrLLCfXQXrLqmLX)), XCXCLLMCFXcmMX, (mCFX))",1
f1,1-9,9,high,0,0.9371794952927921,LMqLXcQLXRFMfLMLfcXmXLFMcXMX,0
f1,1-9,9,high,1,0.2558561817709276,LMqLXcQLXRFMfLMLfXmXLFMcXMX,1
f1,1-9,9,high,2,0.2179359038542101,"(LMqLXcQLX, RFMfLMLfXmXLFMcXMX)",1
f1,1-9,9,high,3,0.12187993755679973,"(LMqLXcCQLX, RFMfLMLfXmXLFMcXMX)",1
f1,1-9,9,high,4,0.2179359038542101,"(LMqLXcQLX, RFMfLMLfXmXLFMcXMX)",1
f1,1-9,9,high,5,0.2558561817709276,(LMqLXcQLX RFMfLMLfXmXLFMcXMX),1
f1,1-9,9,high,6,0.4154871922426206,"(LMqLXcQLX RFMfLMLfXmXLFMcX,MX)",1
f1,1-9,9,high,7,0.4154871922426206,"(LMqLXcQLX RFMfLMLfXmX(LFMcX),MX)",1
f1,1-9,9,high,8,0.3941454651127686,"(LMqLXcQLX RFMfLMLfXmX(XLFMcX),MX)",1
f1,1-9,9,high,9,0.416130907003835,"LMqLXcQLX RFMfLMLfXmX(XLFMcX,MX)",1
f1,1-9,9,high,10,0.31941389428297146,"LMqLXcQLX RFMfLMLfXmX(XLFMcX,XMX)",1
f1,1-9,9,high,11,0.31941389428297146,"LMqLXcQLX RFMfLMLfXmX(XLFMcX,X(MX))",1
f1,1-9,9,high,12,0.3262249170288097,"LMqLXcQLX RFMfLMLfXmX(XLFMcX,RX(MX))",1
f1,1-9,9,high,13,0.289252528494318,"LMqLXcQLX RFMfLMLfXmX(XXLFMcX,RX(MX))",1
f1,1-9,9,high,14,0.21974764186168122,"LMqLXcQLX RFMfLMLfXmX(qXXLFMcX,RX(MX))",1
f1,1-9,9,high,15,0.24670050486544542,"LMqLXcQLXRFMfLMLfXmX(qXXLFMcX, RX)",1
f1,1-9,9,high,16,0.25299106278826466,"LMqLXcQLXRFMfLMLfXmX(qqXXLFMcX, RX)",1
f1,1-9,9,high,17,0.25299106278826466,"LMqLXcQLXRFMfLMLfXmXM(qqXXLFMcX, RX)",1
f1,1-9,9,high,18,0.252966191873302,"LMqLfXcQLXRFMfLMLfXmXM(qqXXLFMcX, RX)",1
f1,1-9,9,high,19,0.2504455986427861,"LMqLfXcQLXRFMfLMfXmXM(qqXXLFMcX, RX)",1
f1,1-9,9,high,20,0.23397882915700144,"LMqfXcQLXRFMfLMfXmXM(qqXXLFMcX, RX)",1
f1,1-9,9,high,21,0.4105720275367511,"LMfXcQLXRFMfLMfXmXM(qqXXLFMcX, RX)",1
f1,1-9,9,high,22,0.2980078737920772,"LMfXcQLXRFMfLMfXmXM(qqXXXLFMcX, RX)",1
f1,1-9,9,high,23,0.33558137603838406,"XLMfXcQLXRFMfLMfXmXM(qqXXXLFMcX, RX)",1
f1,1-9,9,high,24,0.46346924667549555,"XLMfXcQLXRFMfLMfXmXM(qqXcXXLFMcX, RX)",1
f1,1-9,9,high,25,0.4634899514918027,"XLMfXcQLFXRFMfLMfXmXM(qqXcXXLFMcX, RX)",1
f1,1-9,9,high,26,0.4634706571907333,"XLMfXcQLFXRFMfLMfXmfXM(qqXcXXLFMcX, RX)",1
f1,1-9,9,high,27,0.4634706571907333,"XLMfXcQLFXRFMfLMfXmfXM(qqXcXXLFcX, RX)",1
f1,1-9,9,high,28,0.5047339968137958,"XLMfXXcQLFXRFMfLMfXmfXM(qqXcXXLFcX, RX)",1
f1,1-9,9,high,29,0.5753019196673126,"XLMfXXcQLFXRFMfLMfXmfXM(qqXcXLFcX, RX)",1
f1,1-9,9,high,30,0.20253521890227455,"XLMfXXcQLFXRFMfLMfXmfXM(qXcXLFcX, RX)",1
f1,1-10,10,high,0,0.9657105190955615,"X((rXX, RFLXXXcLXRRLFcXLXfXmMcFXRX))",0
f1,1-10,10,high,1,0.9657105190955615,"X(rXX, RFLXXXcLXRRLFcXLXfXmMcFXRX)",1
f1,1-10,10,high,2,0.3786859315266814,"X(rXX, FLXXXcLXRRLFcXLXfXmMcFXRX)",1
f1,1-10,10,high,3,0.12394967276037289,"X(rXX, FLXXXcLXRRLFcXQLXfXmMcFXRX)",1
f1,1-10,10,high,4,0.13121270574034205,"X(rXX, FLXXXcLXRRLLFcXQLXfXmMcFXRX)",1
f1,1-10,10,high,5,0.13121270574034205,"mX(rXX, FLXXXcLXRRLLFcXQLXfXmMcFXRX)",1
f1,1-10,10,high,6,0.11838612786228898,"mX(rXXX, FLXXXcLXRRLLFcXQLXfXmMcFXRX)",1
f1,1-10,10,high,7,0.1056818198652832,"mX(rXXX, FLXXXcLXRRLLFcXQLXfXmMFXRX)",1
f1,1-10,10,high,8,0.10104888556008765,"mX(rXXX, FLXXXXcLXRRLLFcXQLXfXmMFXRX)",1
f1,1-10,10,high,9,0.10115277661144256,"mX(rXXX, FLXXXXcLXRRLLFcXQLXXmMFXRX)",1
f1,1-10,10,high,10,0.09401914572069944,"mX(rXXXX, FLXXXXcLXRRLLFcXQLXXmMFXRX)",1
f1,1-10,10,high,11,0.10115277661144256,"mX(rXXX, FLXXXXcLXRRLLFcXQLXXmMFXRX)",1
f1,1-10,10,high,12,0.24408765755481412,"mX(rXXX, FLXXXqXcLXRRLLFcXQLXXmMFXRX)",1
f1,1-10,10,high,13,0.23334189625623544,"RmX(rXXX, FLXXXqXcLXRRLLFcXQLXXmMFXRX)",1
f1,1-10,10,high,14,0.09177338913025013,"RmX(rXXX, FLXXXXcLXRRLLFcXQLXXmMFXRX)",1
f1,1-10,10,high,15,0.12813084955538184,"RmX(rXXX, FLXrXXXcLXRRLLFcXQLXXmMFXRX)",1
f1,1-10,10,high,16,0.12813084955538184,"RmMX(rXXX, FLXrXXXcLXRRLLFcXQLXXmMFXRX)",1
f1,1-10,10,high,17,0.16896204583741772,"RmMX(rXcXX, FLXrXXXcLXRRLLFcXQLXXmMFXRX)",1
f1,1-10,10,high,18,0.15766838529259256,"RmMX(rXcXX, XFLXrXXXcLXRRLLFcXQLXXmMFXRX)",1
f1,1-10,10,high,19,0.15685123267725729,"RmFMX(rXcXX, XFLXrXXXcLXRRLLFcXQLXXmMFXRX)",1
f1,1-10,10,high,20,0.14383034426569621,"RmFMX(rXcXX, XFLXXrXXXcLXRRLLFcXQLXXmMFXRX)",1
f1,1-10,10,high,21,0.10646858141272189,"RmFMX(XcXX, XFLXXrXXXcLXRRLLFcXQLXXmMFXRX)",1
f1,1-10,10,high,22,0.10713734337641727,"RmFMX(XXX, XFLXXrXXXcLXRRLLFcXQLXXmMFXRX)",1
f1,1-10,10,high,23,0.13201964988018905,"RmFMX(XXX, XFLXXrXXXcLX(RRLLFcXQLXXmMFX), RX)",1
f1,1-10,10,high,24,0.13511342639488758,"RmFMX(LXXX, XFLXXrXXXcLX(RRLLFcXQLXXmMFX), RX)",1
f1,1-10,10,high,25,0.11665237194554905,"RmFMX(LXXX, X,FLXXrXXXcLX(RRLLFcXQLXXmMFX), RX)",1
f1,1-10,10,high,26,0.12026802584289399,"RmFMX(LCXXX, X,FLXXrXXXcLX(RRLLFcXQLXXmMFX), RX)",1
f1,1-10,10,high,27,0.12022644284046576,"RmFMX(LCXXX, X,LXXrXXXcLX(RRLLFcXQLXXmMFX), RX)",1
f1,1-10,10,high,28,0.12219718605648963,"RmFMX(LLCXXX, X,LXXrXXXcLX(RRLLFcXQLXXmMFX), RX)",1
f1,1-10,10,high,29,0.12219718605648963,"RmFMX(LLCXXX, X, LXXrXXXcLX(RRLLFcXQLXXmMFX), RX)",1
f1,1-10,10,high,30,0.11637209242421556,"RmFMX(LLXXX, X, LXXrXXXcLX(RRLLFcXQLXXmMFX), RX)",1
f1,1-11,11,medium,0,1.0535651850408874,"(LQMXLLCMCQXLCFfXrLXLX, rLX)",0
f1,1-11,11,medium,1,1.0535651850408876,"(LQMXLLCMCQXLCFfXrLXLX, LX)",1
f1,1-11,11,medium,2,0.5572565797335748,"(LQMXLLCMCQXLFfXrLXLX, LX)",1
f1,1-11,11,medium,3,0.5572565797335748,"(LQMXLLCMCQXLFfXrLXLX, LX)",1
f1,1-11,11,medium,4,0.2868961661565918,"(LQMXLLCMCQX(LFfXrLXLX, LX))",1
f1,1-11,11,medium,5,0.05814750824930864,"(LQMXLLCMCqQX(LFfXrLXLX, LX))",1
f1,1-11,11,medium,6,0.03534069968924344,"q(LQMXLLCMCqQX(LFfXrLXLX, LX))",1
f1,1-11,11,medium,7,0.03534069968924344,"q(LQMXLLCMCqQX(LFfXrLXMLX, LX))",1
f1,1-11,11,medium,8,0.04004129265871004,q(LQMXLLCMCqQX(LFfXrLXMLX LX)),1
f1,1-11,11,medium,9,0.008856609419848333,"q((LQMX), LLCMCqQX(LFfXrLXMLXLX))",1
f1,1-11,11,medium,10,0.014630721765399568,"q((LQMX), LLCMCqQX(LFfXrLXMLXLX),)",1
f1,1-11,11,medium,11,0.014630721765399568,"qM((LQMX), LLCMCqQX(LFfXrLXMLXLX),)",1
f1,1-11,11,medium,12,0.014630721765399491,"qM((LQMX), LLCMCqQX(LFfXrLXMLXLQX),)",1
f1,1-11,11,medium,13,0.011070708247239564,"qM((LQMX), LLCMCqQX(LFfXrLXMLX),)",1
f1,1-11,11,medium,14,0.006065588764839251,"qM(c(LQMX), LLCMCqQX(LFfXrLXMLX),)",1
f1,1-11,11,medium,15,0.006065588764839231,"qM(Qc(LQMX), LLCMCqQX(LFfXrLXMLX),)",2
f1,1-11,11,medium,16,0.014729133265351638,"qQM(Qc(LQMX), LLCMCqQX(LFfXrLXMLX),)",1
f1,1-11,11,medium,17,0.014729147395647272,"qQM(Qc(LQMX), LLCMCqQX(LfFfXrLXMLX),)",1
f1,1-11,11,medium,18,0.057656924144882445,"qQM(XQc(LQMX), LLCMCqQX(LfFfXrLXMLX),)",1
f1,1-11,11,medium,19,0.057656924144882445,"qQM(XQc(LQMX), LLCMCqQXLfFfXrLXMLX,)",1
f1,1-11,11,medium,20,0.05715921660351602,"qQM(XQc(LQMX), LLCMCqQXLfFfXrLXMX,)",1
f1,1-11,11,medium,21,0.027859281449448634,"qQM(XQc(LQMX), LLCMCqQX,LfFfXrLXMX,)",1
f1,1-11,11,medium,22,0.09382680747000707,"qQM(XQc(LQMX), LLCMCqQX,LfFfX(rLXMX,))",2
f1,1-11,11,medium,23,0.06704781924839381,"qQM(XQc(LQMX), LLCMCqQX, LfFfX((rLX), MX, ))",1
f1,1-11,11,medium,24,0.005230134560846571,"qQM(XQ(LQMX), LLCMCqQX, LfFfX((rLX), MX, ))",1
f1,1-11,11,medium,25,0.005230208735239138,"qQM(XQ(LQMFX), LLCMCqQX, LfFfX((rLX), MX, ))",1
f1,1-11,11,medium,26,0.005230208735239138,"qQM(XQ(LQMFX), LLCMCqQX, LfFfXM((rLX), MX, ))",1
f1,1-11,11,medium,27,0.005230208735239138,"qQM(XQ(LQMMFX), LLCMCqQX, LfFfXM((rLX), MX, ))",1
f1,1-11,11,medium,28,0.005230208735239138,"qQM(XQF(LQMMFX), LLCMCqQX, LfFfXM((rLX), MX, ))",2
f1,1-11,11,medium,29,0.003237928099543437,"qQM(XQF(LQMMFX), LLCMCqQX, LfFfXM((rLXX), MX, ))",1
f1,1-11,11,medium,30,0.0016068439697234137,"qQM(XQF(LQMMFX), LLCMCqQX, LfFfXM((rLXXX), MX, ))",1
f1,1-12,12,medium,0,1.0737443086667446,LMqLFmXLcQXRMfLMLfcXXLffFFLFMcmXrFX,0
f1,1-12,12,medium,1,0.9034717125916686,XLMqLFmXLcQXRMfLMLfcXXLffFFLFMcmXrFX,1
f1,1-12,12,medium,2,0.9034717125916671,XLMqLFmXLcQXRMfLMLfcXXLffFFLFMcmXFX,1
f1,1-12,12,medium,3,0.4547191048203102,XLcQXRMfLMLfcXXLffFFLFMcmXFX,1
f1,1-12,12,medium,4,0.4702241545059217,XLcQXRMfLMLfcXXLffFFLFMcmXXFX,1
f1,1-12,12,medium,5,0.42045047647887457,"(XLcQXRMfLMLfcXXLffFFLFMcmX(X), FX)",1
f1,1-12,12,medium,6,0.42045047647887457,"(XLcQXRMfLMLfcXX(LffFFLFMcmX(X)), FX)",1
f1,1-12,12,medium,7,0.42045047647887457,"((XLcQXRMfLMLfcXX(LffFFLFMcmXX)), FX)",1
f1,1-12,12,medium,8,0.2567183365672434,"((XLcQXRMfLMLfcXX(,LffFFLFMcmXX)), FX)",1
f1,1-12,12,medium,9,0.2385620136941838,"((XLcQXRMfLMLfcXRX(,LffFFLFMcmXX)), FX)",1
f1,1-12,12,medium,10,0.2385620136941838,"((XLcQXRMfLMLfcXRXm(,LffFFLFMcmXX)), FX)",1
f1,1-12,12,medium,11,0.2385620136941838,"((XLcQXRMfLMLfcXRXm(, LffFFLFMcmXX)), FX)",1
f1,1-12,12,medium,12,0.09731950747147339,"((XLcQXRXm(, LffFFLFMcmXX)), FX)",1
f1,1-12,12,medium,13,0.02593358677497442,"((XLcQX,RXm(, LffFFLFMcmXX)), FX)",1
f1,1-12,12,medium,14,0.044969851476981335,"(r(XLcQX,RXm(, LffFFLFMcmXX)), FX)",1
f1,1-12,12,medium,15,0.044969851476981335,"(r(XLcQX,RX(, LffFFLFMcmXX)), FX)",1
f1,1-12,12,medium,16,0.044969851476981335,"(rM(XLcQX,RX(, LffFFLFMcmXX)), FX)",1
f1,1-12,12,medium,17,0.04496985147698134,"(rM(XLcX,RX(, LffFFLFMcmXX)), FX)",1
f1,1-12,12,medium,18,0.09545038385858978,"(rM(XLcX,(, LffFFLFMcmXX)), FX)",1
f1,1-12,12,medium,19,0.03506052394292823,"(rM(LcX,(, LffFFLFMcmXX)), FX)",1
f1,1-12,12,medium,20,0.03635252254162395,"rM(LcX,(, LffFFLFMcmXX), FX)",1
f1,1-12,12,medium,21,0.04696804454588132,"rM(LcX,(, LffFFLFMcmXCX), FX)",1
f1,1-12,12,medium,22,0.05704983635505992,"(rM(LcX, , LffFFLFMcmXCX), FX)",1
f1,1-12,12,medium,23,0.05704983635505992,"(rM(LcX, , LffFFLFMcmXCX), X)",1
f1,1-12,12,medium,24,0.05321442959210823,"(rM(LcX, , LffFFLFMcmXCX,), X)",2
f1,1-12,12,medium,25,0.05321442959210823,"(rM(LcmX, , LffFFLFMcmXCX,), X)",1
f1,1-12,12,medium,26,0.0373752485044813,"(rM(LcmX, , LffFFLFMcmXCX,), XX)",1
f1,1-12,12,medium,27,0.05321442959210823,"(rM(LcmX, , LffFFLFMcmXCX,), X)",1
f1,1-12,12,medium,28,0.06918645014487142,"(rM(LcmX, , LffFFLFMcmXCLX,), X)",1
f1,1-12,12,medium,29,0.05265026234167462,"(rM(LcmX , LffFFLFMcmXCLX,), X)",1
f1,1-12,12,medium,30,0.05265026234167462,"(rM(LcmX , LffFFLFMcmXFCLX,), X)",1
f1,1-13,13,medium,0,1.133830496005901,LqMFXfLXLcMLXqfcLLLQQXcmXrMXLXrLX,0
f1,1-13,13,medium,1,0.7723132902597649,LqMFXfLXLcMLXqfcLLLQQXcmXrMXLXXrLX,1
f1,1-13,13,medium,2,0.6235683102641493,"(LqMFXfLXLcMLXqfcLLLQQXcmXrMX(LX), XrLX)",1
f1,1-13,13,medium,3,0.38913950658312896,"(LqMFXfLXLcMLX(qfcLLLQQXcmXrMX(LX), X), rLX)",1
f1,1-13,13,medium,4,0.2979395584242972,"(LqMFXfLXLcMLX(qfcLLLQQXXcmXrMX(LX), X), rLX)",1
f1,1-13,13,medium,5,0.2979395584242972,"M(LqMFXfLXLcMLX(qfcLLLQQXXcmXrMX(LX), X), rLX)",1
f1,1-13,13,medium,6,0.29978672490137676,"M(LqMFXfLXLcMLX(qcLLLQQXXcmXrMX(LX), X), rLX)",1
f1,1-13,13,medium,7,0.29978672490137676,"M(LqMFXfLXLcMLX(qcLLLQQXXcmXrMX(LX), X), rMLX)",1
f1,1-13,13,medium,8,0.29978672490137676,"M(LqMFXfLXLcMLX(qcLLLQQXXcmmXrMX(LX), X), rMLX)",1
f1,1-13,13,medium,9,0.30162801107140974,"M(LqMFXfLXLcMLXL(qcLLLQQXXcmmXrMX(LX), X), rMLX)",1
f1,1-13,13,medium,10,0.29910785268297607,"M(LqMFXfLXLcMLXL(qcLLLQQXXcmmXrMX(X), X), rMLX)",1
f1,1-13,13,medium,11,0.29910785268297607,"(MLqMFXfLXLcMLXL(qcLLLQQXXcmmXrMX(X), X), rMLX)",1
f1,1-13,13,medium,12,0.39731184148428406,"(MLqMFXfLXLcMLXL(qcLLLQQXcmmXrMX(X), X), rMLX)",1
f1,1-13,13,medium,13,0.29056316741176563,"(MLqMFXfLXLcMLXL(qcLLLQQXcmmXrMX((X), X), ), rMLX)",1
f1,1-13,13,medium,14,0.2905631674117658,"(MLqMFXfLXLcMLXL(qcLLLQQXcmmXrMX((QX), X), ), rMLX)",1
f1,1-13,13,medium,15,0.2906488080777411,"(MLqMFXfLXLcMLX(qcLLLQQXcmmXrMX((QX), X), ), rMLX)",1
f1,1-13,13,medium,16,0.3496017182616983,"(MLqMFXfLXLcMLX(qcLLLQQXcmmXrMX((QX), X), ), )",1
f1,1-13,13,medium,17,0.0935433434942511,"(MLqMFXfLXLcMLX,(qcLLLQQXcmmXrMX((QX), X), ), )",1
f1,1-13,13,medium,18,0.09292862946749987,"(MLqMFXfLXLcMLX,l(qcLLLQQXcmmXrMX((QX), X), ), )",1
f1,1-13,13,medium,19,0.06738759125652521,"(MLqMFXfLXLcMLX,l(qcLLLQQXrMX((QX), X), ), )",1
f1,1-13,13,medium,20,0.07129699359165032,"L(MLqMFXfLXLcMLX,l(qcLLLQQXrMX((QX), X), ), )",1
f1,1-13,13,medium,21,0.07130543428015515,"L(MLqMFXfLXLcMLX,l(qcLLLQQXrMX((QX), fX), ), )",1
f1,1-13,13,medium,22,0.0770566726059994,"L(MLqMFXfLXLcMLX,l(qcLLLQQXrMX((QcX), fX), ), )",1
f1,1-13,13,medium,23,0.0728287798179989,"(MLqMFXfLXLcMLX,l(qcLLLQQXrMX((QcX), fX), ), )",1
f1,1-13,13,medium,24,0.07259720303188054,"(MLqMFXfLXLcMLX,l(qcLLLQQXrMX((QcX), X), ), )",1
f1,1-13,13,medium,25,0.06907756793483595,"(MLqMFXfLXLcMLX,l(qcLLLQQXrMX((QcX), cX), ), )",1
f1,1-13,13,medium,26,0.0068324505710273785,"(MLqMFXfLX,l(qcLLLQQXrMX((QcX), cX), ), )",1
f1,1-13,13,medium,27,0.00683245057102725,"(MLqMFXfLX,l(qcLLLQQXrMXR((QcX), cX), ), )",1
f1,1-13,13,medium,28,0.0068324505710273785,"(MLqMFXfLX,l(qcLLLQQXrMX((QcX), cX), ), )",1
f1,1-13,13,medium,29,0.0068324505710273785,"m(MLqMFXfLX,l(qcLLLQQXrMX((QcX), cX), ), )",1
f1,1-13,13,medium,30,0.003049221867924317,"m(MLqMFXfLX,l(qcLLLQQXrMX((QX), cX), ), )",1
f1,1-14,14,medium,0,1.1639370803355154,"XMFL(lXRX, RFLXXXFcLXRRLFcXLFLXXRmMcFX)",0
f1,1-14,14,medium,1,1.1639370803355138,"XMFL(qlXRX, RFLXXXFcLXRRLFcXLFLXXRmMcFX)",1
f1,1-14,14,medium,2,0.4840157705831133,"lXMFL(qlXRX, RFLXXXFcLXRRLFcXLFLXXRmMcFX)",1
f1,1-14,14,medium,3,0.7623771139837663,"lXMFLX(qlXRX, RFLXXXFcLXRRLFcXLFLXXRmMcFX)",1
f1,1-14,14,medium,4,0.7420875716090072,"lXMFLX(qlXRX, RFLXLXXFcLXRRLFcXLFLXXRmMcFX)",1
f1,1-14,14,medium,5,0.3577350122970507,"lXMFLX(RX, RFLXLXXFcLXRRLFcXLFLXXRmMcFX)",1
f1,1-14,14,medium,6,0.4009301190481719,"lXMFLX(RX, RFLXLXXXFcLXRRLFcXLFLXXRmMcFX)",1
f1,1-14,14,medium,7,0.27495937118590075,"lXMFLX(RX, XRFLXLXXXFcLXRRLFcXLFLXXRmMcFX)",1
f1,1-14,14,medium,8,0.26720694222552926,"lXMFLX(RX, XRFLXLXXXFcLXRRLFcXLFLXLXRmMcFX)",1
f1,1-14,14,medium,9,0.32938225006490846,"lXMFLX(RX, XRFLXXXFcLXRRLFcXLFLXLXRmMcFX)",1
f1,1-14,14,medium,10,0.37021535895764507,"lXMFLX(RX, XRFLXXFcLXRRLFcXLFLXLXRmMcFX)",1
f1,1-14,14,medium,11,0.2425215317249581,lXMFLX(RX XRFLXXFcLXRRLFcXLFLXLXRmMcFX),1
f1,1-14,14,medium,12,0.2270968216923573,lXMFLX(RX XXRFLXXFcLXRRLFcXLFLXLXRmMcFX),1
f1,1-14,14,medium,13,0.3681625455166932,lXMFLX(X XXRFLXXFcLXRRLFcXLFLXLXRmMcFX),1
f1,1-14,14,medium,14,0.3942762483864311,lXMFLX(XXRFLXXFcLXRRLFcXLFLXLXRmMcFX),1
f1,1-14,14,medium,15,0.22008299310246698,lXMFLX(XXRFLXXFcLXRRLFcXLFLXLX),1
f1,1-14,14,medium,16,0.18730634358298584,lXMFLX(XXFLXXFcLXRRLFcXLFLXLX),1
f1,1-14,14,medium,17,0.0004743030065922282,lXMFLX(XXFLXXFcLXRRLFcCXLFLXLX),1
f1,1-14,14,medium,18,0.0004743030065922282,lXMFLX(XXFLXXFcLXRRLcCXLFLXLX),1
f1,1-14,14,medium,19,0.0009650538230480743,lXMCFLX(XXFLXXFcLXRRLcCXLFLXLX),3
f1,1-14,14,medium,20,0.0009658999800298649,XMCFLX(XXFLXXFcLXRRLcCXLFLXLX),2
f1,1-14,14,medium,21,0.0009658999800298649,XMCFLX(XXFLXXcLXRRLcCXLFLXLX),1
f1,1-14,14,medium,22,0.0009658999800298649,XMCFLXM(XXFLXXcLXRRLcCXLFLXLX),2
f1,1-14,14,medium,23,0.001927588252525772,XMCFLXM(XXFLXXrcLXRRLcCXLFLXLX),4
f1,1-14,14,medium,24,0.0019385685044947013,XMCFLXLM(XXFLXXrcLXRRLcCXLFLXLX),1
f1,1-14,14,medium,25,0.049950698779479726,"XMCFLXLM((XXFLXXrcLX), RRLcCXLFLXLX)",2
f1,1-14,14,medium,26,0.049516472631301066,"XMCFLXLM((XXFXXrcLX), RRLcCXLFLXLX)",1
f1,1-14,14,medium,27,0.049516472631301066,"XMCFLXLM((XXFXmXrcLX), RRLcCXLFLXLX)",1
f1,1-14,14,medium,28,0.049516472631301066,"XMCFLXLM((XXFXmXrcLX), RRLcCXLFLXLX)",1
f1,1-14,14,medium,29,0.05863101700616379,"XMCFLXLM((RXXFXmXrcLX), RRLcCXLFLXLX)",1
f1,1-14,14,medium,30,0.06155991492237954,"XMCFLXLM((RXXXFXmXrcLX), RRLcCXLFLXLX)",1
f1,1-15,15,medium,0,1.261409287465701,"LL(MX,FXRRcLXL(XLLLXFcMXrrrQMqLX))",0
f1,1-15,15,medium,1,1.2467130044510064,"LL(MX,FXRRcLX(XLLLXFcMXrrrQMqLX))",1
f1,1-15,15,medium,2,0.5067449195612735,"LL(MX,FXRRcLXl(XLLLXFcMXrrrQMqLX))",1
f1,1-15,15,medium,3,0.37497108903127396,"LL(MX,FXRRcLXl(XLLLXFcMX))",1
f1,1-15,15,medium,4,0.43753603097268495,"LL(MX, FXRRcLX(l(X), LLLXFcMX))",1
f1,1-15,15,medium,5,0.4376332075665434,"LL(MX, XRRcLX(l(X), LLLXFcMX))",1
f1,1-15,15,medium,6,0.4376332075665461,"LL(MqX, XRRcLX(l(X), LLLXFcMX))",1
f1,1-15,15,medium,7,0.3490620354226274,"LL(MqXX, XRRcLX(l(X), LLLXFcMX))",1
f1,1-15,15,medium,8,0.3490620354226274,"LL(MqXMX, XRRcLX(l(X), LLLXFcMX))",1
f1,1-15,15,medium,9,0.2756481886365653,"LL(MqXMX, XRRcLXX(l(X), LLLXFcMX))",1
f1,1-15,15,medium,10,0.26588738160430847,"LL(MqXMX, RRcLXX(l(X), LLLXFcMX))",1
f1,1-15,15,medium,11,0.26587849169632427,"LL(MqXMX, RRcLXXF(l(X), LLLXFcMX))",1
f1,1-15,15,medium,12,0.26587849169632427,"LL(MqXX, RRcLXXF(l(X), LLLXFcMX))",1
f1,1-15,15,medium,13,0.26587849169632427,"LL(MqXX, RRcLXXF(l(mX), LLLXFcMX))",1
f1,1-15,15,medium,14,0.35504324625829636,"LL(MqXX, RRcLXXF(l(mX), ,LLLXFcMX))",1
f1,1-15,15,medium,15,0.28393466566279324,"LL(MqXX, RRcLXXXF(l(mX), ,LLLXFcMX))",1
f1,1-15,15,medium,16,0.07090853415752982,"LL(MqXXRRcLXXXF(l(mX), , LLLXFcMX))",1
f1,1-15,15,medium,17,0.05267751110940933,"LL((MqXXRRcLX), XXF(l(mX), , LLLXFcMX))",1
f1,1-15,15,medium,18,0.0526816325420525,"LL((MqXXRRcLX), XLXF(l(mX), , LLLXFcMX))",1
f1,1-15,15,medium,19,0.05267796866397038,"LL((MqXXRRcLX), XLXF(l(mX), , LLLXFcCMX))",1
f1,1-15,15,medium,20,0.07145280937448446,"LL((MqXXRRcLX), XLXFQ(l(mX), , LLLXFcCMX))",1
f1,1-15,15,medium,21,0.044331729022844414,"LL(Q(MqXXRRcLX), XLXFQ(l(mX), , LLLXFcCMX))",1
f1,1-15,15,medium,22,0.044331729022844414,"LL(Q(MqXXRRcLX), XLXFQ(l(mX), , LLLXFcCMX))",1
f1,1-15,15,medium,23,0.044331729022844414,"LL(Q(MqXXRRcLX), XLXFQ(l(X), , LLLXFcCMX))",1
f1,1-15,15,medium,24,0.05498799934814447,"LL(Q(MqXXRRcLX), XLXFQ(l(X), , LLLXFcCMcX))",1
f1,1-15,15,medium,25,0.05498799934814447,"LL(mQ(MqXXRRcLX), XLXFQ(l(X), , LLLXFcCMcX))",1
f1,1-15,15,medium,26,0.04654851641295441,"LL(XmQ(MqXXRRcLX), XLXFQ(l(X), , LLLXFcCMcX))",1
f1,1-15,15,medium,27,0.02851148146427141,"LL(XmQ(QMqXXRRcLX), XLXFQ(l(X), , LLLXFcCMcX))",1
f1,1-15,15,medium,28,0.02851148146427141,"LL(XmQ(QMmqXXRRcLX), XLXFQ(l(X), , LLLXFcCMcX))",1
f1,1-15,15,medium,29,0.02851148146427141,"LL(XmQ(QMmqXXRRcLX), XLXQ(l(X), , LLLXFcCMcX))",1
f1,1-15,15,medium,30,0.0019381686897382033,"LL(XmQ(QMmqXXRRcLX), XLXQ((l(X), , LLLX), FcCMcX))",1
f1,1-16,16,worst,0,1.3246319302240566,"L(mX,LQLXFXcmXMXL(rXLX), )",0
f1,1-16,16,worst,1,0.08301878926393857,"L(mX,LQLCXFXcmXMXL(rXLX), )",1
f1,1-16,16,worst,2,0.08329091706995347,"L(mX,LQLCXFXcmXMXL(rXX), )",1
f1,1-16,16,worst,3,0.08076553356966869,"(LmX, LQLCXFXcmXMXL(rXX), )",1
f1,1-16,16,worst,4,0.020906705953069295,"((LmX, LQLCXFXcmXMXLrXX), )",1
f1,1-16,16,worst,5,0.01710358504844423,"((mX, LQLCXFXcmXMXLrXX), )",1
f1,1-16,16,worst,6,0.01710358504844423,"((mX, LQLCXFXcmXXLrXX), )",1
f1,1-16,16,worst,7,0.035788327539995425,"((mX, LQLCXFXcmX,XLrXX), )",1
f1,1-16,16,worst,8,0.03186795340431339,"((mX, QLCXFXcmX,XLrXX), )",1
f1,1-16,16,worst,9,0.03185548637389254,"((mX, QLCXFXcmX,XLrXlX), )",1
f1,1-16,16,worst,10,0.057526063802068074,"C((mX, QLCXFXcmX,XLrXlX), )",1
f1,1-16,16,worst,11,0.04627638317188936,"C(((mX, QLCXFXcmX, ), XLrXlX), )",1
f1,1-16,16,worst,12,0.04871068953956268,"XC(((mX, QLCXFXcmX, ), XLrXlX), )",1
f1,1-16,16,worst,13,0.027731731370743484,"XC(X((mX, QLCXFXcmX, ), XLrXlX), )",1
f1,1-16,16,worst,14,0.026118301131729773,"XC(X((mX, QLCXFXcmX, ), XLrXXlX), )",2
f1,1-16,16,worst,15,0.026118301131729773,"XC(X((X, QLCXFXcmX, ), XLrXXlX), )",1
f1,1-16,16,worst,16,0.024884863007270958,"XC(X((X, QLCXFXcmX, ), XLrXXX), )",1
f1,1-16,16,worst,17,0.019520531737000687,"XC(X((X, QLCXFXcmX, ), XLrXXXX), )",1
f1,1-16,16,worst,18,0.019522063658746095,"XC(X((X, QLCXXcmX, ), XLrXXXX), )",1
f1,1-16,16,worst,19,0.024884277567274286,"XC(X((X, QLCXXcmX, ), XLrXXX), )",1
f1,1-16,16,worst,20,0.07574465366364291,"XC(X((X, QLCXXcmX, ), XLrXcXX), )",1
f1,1-16,16,worst,21,0.08075738395157264,"XC(X((X, QLCXXcmX, ), (XLrXcXX), ))",1
f1,1-16,16,worst,22,0.08075672171420122,"XC(X(f(X, QLCXXcmX, ), (XLrXcXX), ))",1
f1,1-16,16,worst,23,0.07510741139577416,"XC(X(fX(X, QLCXXcmX, ), (XLrXcXX), ))",1
f1,1-16,16,worst,24,0.015289370710253056,"XC(X(fX(X, QLCXXcmX, ), (XLXcXX), ))",1
f1,1-16,16,worst,25,0.015289370710253056,"XC(X(fX(X, QLCXXcmX, ), (MXLXcXX), ))",1
f1,1-16,16,worst,26,0.015289370710253056,"XC(X((fX(X, QLCXXcmX, )), (MXLXcXX), ))",1
f1,1-16,16,worst,27,0.015289370710253056,"XC(X((fX(X, QLCXXcmX, )), (XLXcXX), ))",1
f1,1-16,16,worst,28,0.05812393905085114,"XC(X((fX(X, QLCXXmX, )), (XLXcXX), ))",1
f1,1-16,16,worst,29,0.05668061751194622,"XC(X((fX(,X, QLCXXmX, )), (XLXcXX), ))",1
f1,1-16,16,worst,30,0.05597490617823407,"XC(X((fX(,X, QLCXXmX, )), (XXcXX), ))",1
f1,1-17,17,worst,0,1.3597803005357922,"C((LXLL(rfqXL(XX, LXX), X), ))",0
f1,1-17,17,worst,1,0.4443525617529767,"C((LXLL(rfqXL(X,X, LXX), X), ))",1
f1,1-17,17,worst,2,0.32849071176201156,"C((LXLL(rfqXL(XX,X, LXX), X), ))",1
f1,1-17,17,worst,3,0.3285476414677739,"C((LXLL(rFfqXL(XX,X, LXX), X), ))",1
f1,1-17,17,worst,4,0.5078085367810611,"XC((LXLL(rFfqXL(XX,X, LXX), X), ))",1
f1,1-17,17,worst,5,0.5043555679682642,"XC((LXLL(rFfqXL(XX,FX, LXX), X), ))",1
f1,1-17,17,worst,6,0.5043555679682642,"XC((LXLL(rFfqXL(XMX,FX, LXX), X), ))",1
f1,1-17,17,worst,7,0.42982743479161556,"XC((XLL(rFfqXL(XMX,FX, LXX), X), ))",1
f1,1-17,17,worst,8,0.4457995269855696,"XC((XLL(rFfqXL(RXMX,FX, LXX), X), ))",1
f1,1-17,17,worst,9,0.4195487415090236,"qXC((XLL(rFfqXL(RXMX,FX, LXX), X), ))",1
f1,1-17,17,worst,10,0.3729393603011731,"qXC((lXLL(rFfqXL(RXMX,FX, LXX), X), ))",1
f1,1-17,17,worst,11,0.40360374197211485,"qXC((lXLL(rFfqXL(RXMX,FX LXX), X), ))",1
f1,1-17,17,worst,12,0.38737871305921295,"qXC((lXLL(rFfqX(RXMX,FX LXX), X), ))",1
f1,1-17,17,worst,13,0.4461488951259191,"qXC((lXLL(rFfqX(RXMX,LXX), X), ))",1
f1,1-17,17,worst,14,0.4461488951259191,"qXC(lXLL(rFfqX(RXMX,LXX), X), )",1
f1,1-17,17,worst,15,0.7863005001150285,"qXC(lXLL(rFfqX(MX,LXX), X), )",1
f1,1-17,17,worst,16,0.780721214185328,"qXC(XLL(rFfqX(MX,LXX), X), )",1
f1,1-17,17,worst,17,0.04630221277276693,"qXCXLL(rFfqX(MX,LXX, X), )",1
f1,1-17,17,worst,18,0.08419285643436311,"qXCXLL(rFfqX(MX(,LXX, X), ))",1
f1,1-17,17,worst,19,0.09176171119859504,"qXCXLL(rFfqX(MX(,X, X), ))",1
f1,1-17,17,worst,20,0.09044026890619154,"qXCXLL(rFfqX(MX(,, X), ))",1
f1,1-17,17,worst,21,0.09030559153286559,"qXFCXLL(rFfqX(MX(,, X), ))",1
f1,1-17,17,worst,22,0.24107308943387865,"qXFCXLL(rFfX(MX(,, X), ))",1
f1,1-17,17,worst,23,0.1537542201403999,"lqXFCXLL(rFfX(MX(,, X), ))",1
f1,1-17,17,worst,24,0.024543824547561575,"FCXLL(rFfX(MX(,, X), ))",1
f1,1-17,17,worst,25,0.017666456464387973,"FCXLL(rFfX(MX(,, XX), ))",1
f1,1-17,17,worst,26,0.01780009869999792,"FCXLL(rFfX(MXQ(,, XX), ))",1
f1,1-17,17,worst,27,0.017800854702636763,"FCXLL(rFfX(MFXQ(,, XX), ))",1
f1,1-17,17,worst,28,0.017799938141079878,"FCXLL(rFfX(MFXQ(, XX), ))",1
f1,1-17,17,worst,29,0.017128985357011486,"FCXLL(rFfX(MFXlQ(, XX), ))",1
f1,1-17,17,worst,30,0.017128985357011486,"FCXLL(rFfX(FXlQ(, XX), ))",1
f1,1-18,18,worst,0,1.4201210878990775,"LXL(rrmcXL(FLXLLXCX, ), )",0
f1,1-18,18,worst,1,0.20968984874865465,"LXL(rrmcXL(FLXLLXCX ), )",1
f1,1-18,18,worst,2,0.12756607376870777,"(LXL(rrmcXLFLXLLXCX), )",1
f1,1-18,18,worst,3,0.15380730461126882,"(LXL(rrmcXLFLXLLXCCX), )",1
f1,1-18,18,worst,4,0.1997208386832324,"(cLXL(rrmcXLFLXLLXCCX), )",1
f1,1-18,18,worst,5,0.19444760752726392,"(cLXL(rrmcXLFLXLXCCX), )",1
f1,1-18,18,worst,6,0.08127557284003652,"(cLQXL(rrmcXLFLXLXCCX), )",1
f1,1-18,18,worst,7,0.08134703824238937,"(RcLQXL(rrmcXLFLXLXCCX), )",1
f1,1-18,18,worst,8,0.11592117343281762,"(RcLQXL(XrrmcXLFLXLXCCX), )",1
f1,1-18,18,worst,9,0.11592376011067786,(RcLQXL(XrrmcXLFLXLXCCX) ),1
f1,1-18,18,worst,10,0.09582634689110951,(RcLQXL(XrrmcXLFLXLCXCCX) ),1
f1,1-18,18,worst,11,0.0861949652319524,(RcLQXL(XrrmcXLFLXXLCXCCX) ),1
f1,1-18,18,worst,12,0.08198297091747522,(RcLQXL(XLFLXXLCXCCX) ),1
f1,1-18,18,worst,13,0.08701453865103119,(RcLQX(XLFLXXLCXCCX) ),2
f1,1-18,18,worst,14,0.09295575129255894,(RcLQXq(XLFLXXLCXCCX) ),1
f1,1-18,18,worst,15,0.2571616884072131,"(RcLQXq(X,LFLXXLCXCCX) )",1
f1,1-18,18,worst,16,0.08823450178209363,"(RcLQXq(X,LFLXXCCX) )",1
f1,1-18,18,worst,17,0.04008047627156112,"(RcLQXq(X,LFLXXCX) )",1
f1,1-18,18,worst,18,0.0462955723981709,(RcLQXq(XLFLXXCX) ),1
f1,1-18,18,worst,19,0.013506998156690762,"(RcLQXq((XLFLX), XCX))",1
f1,1-18,18,worst,20,0.06339701654601432,"(RcLQXq((XLFLX), XCXX))",1
f1,1-18,18,worst,21,0.052107080083323674,"(RcLQXXq((XLFLX), XCXX))",1
f1,1-18,18,worst,22,0.04211539654779789,"(RcLQXXq((XXLFLX), XCXX))",1
f1,1-18,18,worst,23,0.012938851428723586,"(RcLQXXq((XXLFLX), CXX))",1
f1,1-18,18,worst,24,0.012993258418128659,"(RfcLQXXq((XXLFLX), CXX))",1
f1,1-18,18,worst,25,0.02597561985981585,"(RfcLQXXq((XXLFLX), ,CXX))",1
f1,1-18,18,worst,26,0.025027610046093655,"(RfcLQXrXq((XXLFLX), ,CXX))",1
f1,1-18,18,worst,27,0.01615918316420678,"(rXq((XXLFLX), ,CXX))",1
f1,1-18,18,worst,28,0.008081604945733059,"(rXq((XXLFLX), CXX))",1
f1,1-18,18,worst,29,0.002403183809055033,"(rXqX((XXLFLX), CXX))",1
f1,1-18,18,worst,30,0.002403183809055033,"(rXqX((XXLFLX), CX(X)))",1
f1,1-19,19,worst,0,1.502403781902427,"LfXL(rrmLcXf((LLLXLLFX(RCLX), )), )",0
f1,1-19,19,worst,1,1.502403781902427,"LfXL(rrLcXf((LLLXLLFX(RCLX), )), )",1
f1,1-19,19,worst,2,0.12987634181825267,"RLfXL(rrLcXf((LLLXLLFX(RCLX), )), )",1
f1,1-19,19,worst,3,0.10657546706211006,"RLfXL(rrLcXfX((LLLXLLFX(RCLX), )), )",1
f1,1-19,19,worst,4,0.10657546706211006,"RLfXL(rrLcXfX((LLLXLLFXM(RCLX), )), )",1
f1,1-19,19,worst,5,0.33800665323629503,"XRLfXL(rrLcXfX((LLLXLLFXM(RCLX), )), )",1
f1,1-19,19,worst,6,0.33800665323629503,"XRLfXL(rrLcXfX((LLLXLLFXMm(RCLX), )), )",1
f1,1-19,19,worst,7,0.3880885992637759,"XRLfXL(rrLcXfX(r(LLLXLLFXMm(RCLX), )), )",1
f1,1-19,19,worst,8,0.38808859926377537,"XRLfXL(rrLcXfX(r(LLLXLLFXMm(CLX), )), )",1
f1,1-19,19,worst,9,0.3876919668069722,"XRLfXL(rrLcXfX(r(LLXLLFXMm(CLX), )), )",1
f1,1-19,19,worst,10,0.3876919668069722,"XRLfX(L(rrLcXfX(r(LLXLLFXMm(CLX), ))), )",1
f1,1-19,19,worst,11,0.08135728222283545,"XRLfX(L(fX(r(LLXLLFXMm(CLX), ))), )",1
f1,1-19,19,worst,12,0.051409760458579284,"XRRLfX(L(fX(r(LLXLLFXMm(CLX), ))), )",1
f1,1-19,19,worst,13,0.0563541041711155,"XRRLfX(L(fX(r(LLXLLFXMm(CLLX), ))), )",1
f1,1-19,19,worst,14,0.0563541041711155,"XRRLfX(L(fXr(LLXLLFXMm(CLLX), )), )",1
f1,1-19,19,worst,15,0.04676758260217095,"XRRLfX(L(fXXr(LLXLLFXMm(CLLX), )), )",1
f1,1-19,19,worst,16,0.046717287552631735,"XRRLfX(L(fXXr(LLXLLFXMm(CLLX), )), ,)",1
f1,1-19,19,worst,17,0.04487878442156079,"XRRLfX(L(fXXr(LLXLLFXMm(CLLX) )), ,)",1
f1,1-19,19,worst,18,0.04838978429214506,"XRLfX(L(fXXr(LLXLLFXMm(CLLX) )), ,)",1
f1,1-19,19,worst,19,0.05027488747956561,"RLfX(L(fXXr(LLXLLFXMm(CLLX) )), ,)",1
f1,1-19,19,worst,20,0.05027488747956561,"RLfX(L(fXXr(LLXLLFXMm((CLLX) ))), ,)",1
f1,1-19,19,worst,21,0.050715550986461605,"RLfX(L(fXXrL(LLXLLFXMm((CLLX) ))), ,)",1
f1,1-19,19,worst,22,0.05015574477102158,"RLfX(L(XXrL(LLXLLFXMm((CLLX) ))), ,)",1
f1,1-19,19,worst,23,0.048675857667360205,"RLfX(L(XXrL(LlLXLLFXMm((CLLX) ))), ,)",1
f1,1-19,19,worst,24,0.04699062184984182,"RLfX(L(XXrL(LlLXLFXMm((CLLX) ))), ,)",1
f1,1-19,19,worst,25,0.14196653043786406,"RLfX(L(XXrL(LClLXLFXMm((CLLX) ))), ,)",1
f1,1-19,19,worst,26,0.1419376773503099,"RLfXF(L(XXrL(LClLXLFXMm((CLLX) ))), ,)",1
f1,1-19,19,worst,27,0.14192989729679434,"RLfXF(L(XXrL(LClLXLfFXMm((CLLX) ))), ,)",1
f1,1-19,19,worst,28,0.12160910559705533,"RLfXF(L(XXrL(LClLXLfFXMm((CLLX) ))) ,)",1
f1,1-19,19,worst,29,0.11391917833035291,"RLfXF(L(XXrL(LClLXLfFXMm((CLLX) ))) ,X)",1
f1,1-19,19,worst,30,0.11391917833035291,"RLfXF(L(XXrL(LClLXLfFXMm((CLLX)))), X)",1
f1,1-20,20,worst,0,1.9314967366975415,"((FC(, LXLLLm(rqXRL(LXMLXcX, fMLFLXqQX), X)) ,  ), )",0
f1,1-20,20,worst,1,0.31979690886742435,"((FC(, LXLLLm(rqXRL(LXMLX,cX, fMLFLXqQX), X)) ,  ), )",1
f1,1-20,20,worst,2,0.3938673790880044,"((FC(, LXLLLm(XrqXRL(LXMLX,cX, fMLFLXqQX), X)) ,  ), )",1
f1,1-20,20,worst,3,0.3857225690805047,"((FC(, LXLLLm(lXrqXRL(LXMLX,cX, fMLFLXqQX), X)) ,  ), )",1
f1,1-20,20,worst,4,0.38551133185004327,"((FC(, LXLLLm(lXrqXRL(XMLX,cX, fMLFLXqQX), X)) ,  ), )",1
f1,1-20,20,worst,5,0.02962859860630243,"((FC(, LXLLLm(lXrqXRL(XMLX,cX, fMLFLXqQX), )) ,  ), )",1
f1,1-20,20,worst,6,0.027641763457418908,"((FC(, LXLLLm(lXrqXRL(XMLX,X, fMLFLXqQX), )) ,  ), )",1
f1,1-20,20,worst,7,0.019238605588103194,"((FC(, XLLLm(lXrqXRL(XMLX,X, fMLFLXqQX), )) ,  ), )",1
f1,1-20,20,worst,8,0.01850543365294643,"((FC(, LLLm(lXrqXRL(XMLX,X, fMLFLXqQX), )) ,  ), )",1
f1,1-20,20,worst,9,0.021348260395895814,"((FC(, LLLm(lXrqXRL(XMLX,X,, fMLFLXqQX), )) ,  ), )",1
f1,1-20,20,worst,10,0.026091049750465202,"((FC(, LLLm(lXrqXRL(XMLX,X,, qQX), )) ,  ), )",1
f1,1-20,20,worst,11,0.027911967505414463,"((FC(, LLLm(lXrqX(RL(XMLX,X,, qQX), ))) ,  ), )",1
f1,1-20,20,worst,12,0.00611140644538677,"((FC(, LLLm(clXrqX(RL(XMLX,X,, qQX), ))) ,  ), )",2
f1,1-20,20,worst,13,0.0038499145913885287,"((FC(, LLLm(clXrqX(RL(XMLX,XX,, qQX), ))) ,  ), )",1
f1,1-20,20,worst,14,0.0038478713824845385,"((FC(, LLLfm(clXrqX(RL(XMLX,XX,, qQX), ))) ,  ), )",2
f1,1-20,20,worst,15,0.003847871382484555,"((FC(, LLLfm(clXrqX(RL(XRMLX,XX,, qQX), ))) ,  ), )",1
f1,1-20,20,worst,16,0.0034418530447899278,"(q(FC(, LLLfm(clXrqX(RL(XRMLX,XX,, qQX), ))) ,  ), )",1
f1,1-20,20,worst,17,0.005646789504824981,"(q(FC(, LLLfm(clXrqX(RL(XRMLX,X,, qQX), ))) ,  ), )",1
f1,1-20,20,worst,18,0.005311982831345473,"(q(FC(, LLLfm(clXrqX(R(XRMLX,X,, qQX), ))) ,  ), )",1
f1,1-20,20,worst,19,0.0026527584843834004,"(q(FC(, LLLfm(clXrqX(RQ(XRMLX,X,, qQX), ))) ,  ), )",1
f1,1-20,20,worst,20,0.004384197281597454,"((FC(, LLLfm(clXrqX(RQ(XRMLX,X,, qQX), ))) ,  ), )",1
f1,1-20,20,worst,21,0.004401344983060515,"((FC(, LLLfm(clXrqX(RQ(FXRMLX,X,, qQX), ))) ,  ), )",1
f1,1-20,20,worst,22,0.004396216955749843,"((FC(, LLLfm(clXrqX(RfQ(FXRMLX,X,, qQX), ))) ,  ), )",1
f1,1-20,20,worst,23,0.06996789427188248,"((FC(, LLLfm(clXrqX(XRfQ(FXRMLX,X,, qQX), ))) ,  ), )",1
f1,1-20,20,worst,24,0.06996789427188248,"((FC(, LLLfm(clX(rqX(XRfQ(FXRMLX,X,, qQX), ))) ,  )), )",1
f1,1-20,20,worst,25,0.02651290700355438,"((FC(, LLLfm(clQX(rqX(XRfQ(FXRMLX,X,, qQX), ))) ,  )), )",1
f1,1-20,20,worst,26,0.177590805853237,"((FC(, LLLfm(clQX(rqXq(XRfQ(FXRMLX,X,, qQX), ))) ,  )), )",1
f1,1-20,20,worst,27,0.17759080585323708,"((FC(, LLLfm(clQX(rqXq(XRfQ(FXRMLX,X,, QX), ))) ,  )), )",1
f1,1-20,20,worst,28,0.17001204910524312,"((FC(, LLLfm(clQX(rrqXq(XRfQ(FXRMLX,X,, QX), ))) ,  )), )",1
f1,1-20,20,worst,29,0.17759080585323708,"((FC(, LLLfm(clQX(rqXq(XRfQ(FXRMLX,X,, QX), ))) ,  )), )",1
f1,1-20,20,worst,30,0.19740392839831816,"((FC(, LLLfm(clQqX(rqXq(XRfQ(FXRMLX,X,, QX), ))) ,  )), )",1
