run,generation,genetic_format,mutation_intensity,best_vertpos,avg_vertpos,stddev_vertpos
0,0,1,0.0,-0.010399999294193912,-0.01039999929419391,1.734723475976807e-18
0,1,1,0.0,-0.010332999293255223,-0.010423583413613453,5.2715760867858226e-05
0,2,1,0.0,-0.010332999293255223,-0.010408008021341841,6.005635680913064e-05
0,3,1,0.0,-0.010332999293255223,-0.010402106281266638,6.681217284399848e-05
0,4,1,0.0,-0.010294044265770628,-0.010383957279320954,5.844435156189392e-05
0,5,1,0.0,-0.010270356185141341,-0.010373922218869645,7.630833843126519e-05
0,6,1,0.0,-0.010258512144389819,-0.010358558436074597,7.797775698309295e-05
0,7,1,0.0,-0.010258512144389819,-0.010342877028906487,8.316709511276242e-05
0,8,1,0.0,-0.010252590123914176,-0.010304834387088966,7.542132268057205e-05
0,9,1,0.0,-0.010252590123914176,-0.010298187189203289,7.637611174590723e-05
0,10,1,0.0,-0.010249629184359054,-0.010288143008272688,7.124151465025737e-05
0,11,1,0.0,-0.010249629184359054,-0.010302979450346044,8.858968681771155e-05
0,12,1,0.0,-0.010249629184359054,-0.01027377370156132,5.165351687796747e-05
0,13,1,0.0,-0.010249629184359054,-0.010295783724567537,8.354575758539344e-05
0,14,1,0.0,-0.010249629184359054,-0.010306201700099816,9.575228557512888e-05
0,15,1,0.0,-0.010017752397702669,-0.010293866281436637,0.00010965180223630759
0,16,1,0.0,-0.010002973266526282,-0.010302030233026475,0.0001135588680577659
0,17,1,0.0,0.00953639690549398,-0.009814954282106906,0.0027771692703921695
0,18,1,0.0,0.03668214861764026,-0.00642301182369452,0.01108069184006444
0,19,1,0.0,0.07397630448384512,0.0027077825598512055,0.021097973594150148
0,20,1,0.0,0.07400500296280443,0.017472185452622344,0.024136274498197812
0,21,1,0.0,0.12403411768761836,0.04086411980112045,0.03732005253989928
0,22,1,0.0,0.1678822155313523,0.06379761726682001,0.04588897555304698
0,23,1,0.0,0.21250278317338567,0.08120489609389049,0.05866127080569221
0,24,1,0.0,0.2854746477376127,0.11361602550146782,0.06981303867667492
0,25,1,0.0,0.36228812816885125,0.12393597251273406,0.09005861678929102
0,26,1,0.0,0.3632254415124818,0.16712289368523311,0.10272213453305364
0,27,1,0.0,0.3713365455579218,0.2160517301050335,0.09200617098798558
0,28,1,0.0,0.44013661351203154,0.2392875447788082,0.11660704052784177
0,29,1,0.0,0.44013720383176985,0.2636138018410081,0.11504771383708548
0,30,1,0.0,0.44069750947819764,0.2830180954400691,0.12650821482209454
0,31,1,0.0,0.45073078228033064,0.2837796505529141,0.14071401887281876
0,32,1,0.0,0.48384923426676835,0.2754634342032455,0.15646734595028583
0,33,1,0.0,0.5571666374346192,0.35191966585379425,0.11913379204415758
0,34,1,0.0,0.616012065065397,0.3709311986410351,0.13172541256768244
0,35,1,0.0,0.6159311360776107,0.37723212220151353,0.13605588915210778
0,36,1,0.0,0.6112121167569616,0.33434236763017383,0.1420838963213719
0,37,1,0.0,0.6112121167569616,0.339885816207374,0.17074210249399466
0,38,1,0.0,0.6112121167569616,0.36423649762447113,0.15052064198339965
0,39,1,0.0,0.6918385310200785,0.41885140488467065,0.1616109359626427
0,40,1,0.0,0.6918385310200783,0.3388357824711742,0.20324627266653897
0,41,1,0.0,0.6919775829291459,0.41978135305352365,0.1939240439586676
0,42,1,0.0,0.6919775829291459,0.4485581990928428,0.19574690732227462
0,43,1,0.0,0.733016977509934,0.4116110428332754,0.19510798295000004
0,44,1,0.0,0.733016977509934,0.42453105173569805,0.19714622741275029
0,45,1,0.0,0.7330280766103355,0.46237916999634365,0.19669974342446317
0,46,1,0.0,0.7330280766103355,0.453752290981712,0.2096896705550567
0,47,1,0.0,0.7456452773663368,0.4559069219033481,0.21023252835075235
0,48,1,0.0,0.7456452773663368,0.4401640389945152,0.20919860282599204
0,49,1,0.0,0.7456831595235405,0.4841420902264036,0.22356160505954328
0,50,1,0.0,0.7456492605862801,0.5130408428634684,0.20565979666463943
0,51,1,0.0,0.7511527713570039,0.4760076588101335,0.24089566035114085
0,52,1,0.0,0.7511527713570039,0.5051953705416141,0.17779103822003978
0,53,1,0.0,0.7511580734842318,0.4933470867220649,0.18335430403734523
0,54,1,0.0,0.7511527713570043,0.48511392285524346,0.19579115132939492
0,55,1,0.0,0.7511527713570039,0.4825881379089702,0.20928231244195605
0,56,1,0.0,0.7511453239723361,0.45057519124210743,0.18218447111721942
0,57,1,0.0,0.7511527713570039,0.5023168945524189,0.20601915113811461
0,58,1,0.0,0.78323451841907,0.45532618532626484,0.2355050853875084
0,59,1,0.0,0.7832402428670859,0.4900715162143736,0.1787030600610541
0,60,1,0.0,0.7832403429007069,0.5079182065982838,0.21593582610611475
0,61,1,0.0,0.7832403429007069,0.5328561563925716,0.21500014273242884
0,62,1,0.0,0.7832621892219078,0.5512634104523035,0.18612175083831461
0,63,1,0.0,0.7832649180448136,0.5400811908942856,0.21549765620837624
0,64,1,0.0,0.7832649180448136,0.5000525696761255,0.22145666255743734
0,65,1,0.0,0.7844900486354339,0.5045776150016337,0.2460896554196682
0,66,1,0.0,0.7934518371382683,0.5772718397498208,0.19284949721636604
0,67,1,0.0,0.7844900486354339,0.45584072976552165,0.25321709845953233
0,68,1,0.0,0.7844900486354339,0.49121488153545406,0.2141044659631539
0,69,1,0.0,0.7934525509342822,0.5389854786759593,0.23942455257939604
0,70,1,0.0,0.7963350983074412,0.5336666854483962,0.21964270513753711
0,71,1,0.0,0.7963351696077275,0.5299544395111458,0.2305656076935297
0,72,1,0.0,0.7963350983074412,0.5533988838149348,0.19293710430628314
0,73,1,0.0,0.7963350983074412,0.5327902568517324,0.19458846215500114
0,74,1,0.0,0.7963350983074412,0.5371412696795659,0.20430574169096163
0,75,1,0.0,0.8549153134862103,0.5680133726947451,0.22906584968684673
0,76,1,0.0,0.8549153134862103,0.5033454765343586,0.21996793652587346
0,77,1,0.0,0.8549153134862103,0.5442535733644901,0.23661461493029887
0,78,1,0.0,0.8552540171049626,0.5461535297726912,0.22984858370031505
0,79,1,0.0,0.8505513024147862,0.5451172449174244,0.21092564572914524
0,80,1,0.0,0.8505513024147862,0.5310747402840038,0.22514054993393917
0,81,1,0.0,0.8507290190017333,0.5876823022511933,0.20446565348846873
0,82,1,0.0,0.8507305214610303,0.5291090493683517,0.22289491810968318
0,83,1,0.0,0.85491531348621,0.562258850055008,0.21384155225745963
0,84,1,0.0,0.85491531348621,0.5794738238949502,0.21792798615378695
0,85,1,0.0,0.8508014613301993,0.6509834729976841,0.20392739653600542
0,86,1,0.0,0.8522681998823866,0.535036431040461,0.25086557878183297
0,87,1,0.0,0.8522681998823866,0.5653383314887592,0.24070180580084813
0,88,1,0.0,0.8678511297272742,0.5532824221598853,0.2606365920412084
0,89,1,0.0,0.8678511297272742,0.6190719890972942,0.23909741695196876
0,90,1,0.0,0.8611888653401089,0.5782861021359205,0.26068790784215273
0,91,1,0.0,0.8611888653401089,0.5307523669156421,0.2721521492946913
0,92,1,0.0,0.8696387073795846,0.5666939429928738,0.2409171453585609
0,93,1,0.0,0.8699770987533851,0.6254470493979727,0.2123337983462843
0,94,1,0.0,0.8699770987533851,0.6552494960518289,0.23715396275486775
0,95,1,0.0,0.8696387002347757,0.5889853326557561,0.24009493389681122
0,96,1,0.0,0.8960078664354704,0.6694227892982103,0.2047334835570113
0,97,1,0.0,0.8960078664354704,0.6523565114547298,0.27724103739252687
0,98,1,0.0,0.8961329311799765,0.6364879080997763,0.22040172205872924
0,99,1,0.0,0.9122099370159109,0.5889567386577788,0.2354863242899108
0,100,1,0.0,0.9122099370159118,0.5654002515130891,0.2667812217300288
0,101,1,0.0,0.9192244405016274,0.6222748940795437,0.26147893934166944
0,102,1,0.0,0.9192244405016274,0.6370812317908525,0.2483227691573276
0,103,1,0.0,0.9122099370159109,0.5113019575000187,0.23822523368077006
0,104,1,0.0,0.9122099474405005,0.5490468711671389,0.2644795793210519
0,105,1,0.0,0.9122099393116556,0.596210215213661,0.25506063725208505
0,106,1,0.0,0.91570963349576,0.6029299868806736,0.2544210180606833
0,107,1,0.0,0.9122133221330021,0.5958387026157689,0.2632597743282541
0,108,1,0.0,0.9122101931621248,0.6392477174217649,0.23816642735603377
0,109,1,0.0,0.9223941984216238,0.6219547408853101,0.2484553031177778
0,110,1,0.0,0.9223799749364251,0.6112299041780594,0.2871639019269753
0,111,1,0.0,0.9337935842911804,0.5951826395316019,0.21185495368466667
0,112,1,0.0,0.9238298669066332,0.6326715758422494,0.2747017282107414
0,113,1,0.0,0.9238298669066332,0.6258176223325616,0.25082915591064997
0,114,1,0.0,0.9238298747991154,0.6409691872751865,0.2735382102680009
0,115,1,0.0,0.926881959275458,0.6825381181246065,0.2514708287738952
0,116,1,0.0,0.9286605665138843,0.6228069944622896,0.2757548450067001
0,117,1,0.0,0.9286605665138843,0.6896529343280052,0.20156650454512529
0,118,1,0.0,0.9355999395421913,0.6880302493542656,0.2300959306948573
0,119,1,0.0,0.9355999395421913,0.6699562792059337,0.26104416484257587
0,120,1,0.0,0.9356060517682141,0.6782781071262314,0.2609694049397259
0,121,1,0.0,0.9356060517682141,0.7646681836098829,0.2182927002800549
0,122,1,0.0,0.938548000377165,0.7071570139867729,0.29078066030671074
0,123,1,0.0,0.9385466695115372,0.6920834003075126,0.23885499315830977
0,124,1,0.0,0.9356008153642619,0.6708942204695034,0.27127000034488846
0,125,1,0.0,0.9356008153642619,0.6217886254311787,0.27899940620456554
0,126,1,0.0,0.935600894015618,0.7246888924355698,0.23895777158093337
0,127,1,0.0,0.9370271716066958,0.6644402216804858,0.27148752168396567
0,128,1,0.0,0.9396812188264525,0.6321501630679209,0.2637141434696995
0,129,1,0.0,0.9434742667939913,0.6004412419456417,0.2899816758737684
0,130,1,0.0,0.9434742667939913,0.6887904261215334,0.2468120377966302
0,131,1,0.0,0.943552798668385,0.6406968158590837,0.2795650349666788
0,132,1,0.0,0.9524582081160362,0.7263941012923253,0.24768645188432079
0,133,1,0.0,0.9525105548476173,0.7059955467214413,0.2588018369644296
0,134,1,0.0,0.9525105548476173,0.7097581032343353,0.22607449142828456
0,135,1,0.0,0.9525105548476173,0.7115839402215641,0.23850594875653705
0,136,1,0.0,0.9552088581461312,0.6711457687089997,0.25414042814519144
0,137,1,0.0,0.9592232725705652,0.6943525576137071,0.26323391088815457
0,138,1,0.0,0.9595783964199458,0.6466914741085171,0.26251502285758804
0,139,1,0.0,0.9595848134510261,0.7039576810786805,0.2437207789994949
0,140,1,0.0,0.9595848134510266,0.7024290966445579,0.3003150309710644
0,141,1,0.0,0.9629682144209082,0.7420871553010074,0.2582774904443317
0,142,1,0.0,0.9629682144209082,0.6600246265008625,0.29579468188761804
0,143,1,0.0,0.9629682144209082,0.6442036215329243,0.23657050252499656
0,144,1,0.0,0.9615563794839521,0.6890712643774627,0.2458909783621545
0,145,1,0.0,0.9615563794839521,0.6737330372773577,0.2952773316615366
0,146,1,0.0,0.9615563794839521,0.6501447556756089,0.26296788030059787
0,147,1,0.0,0.96156261328897,0.6466578570748261,0.25210705122832067
0,148,1,0.0,0.96156261328897,0.689502830710096,0.27101851607107486
0,149,1,0.0,0.9632548747345363,0.5896530057552023,0.25876652095229
0,150,1,0.0,0.9632548747345363,0.695819886133334,0.21730598677780688
0,151,1,0.0,0.9632548747345363,0.7171345685452959,0.26945435839051
0,152,1,0.0,0.9632548747345376,0.6784530617052196,0.2634106203671563
0,153,1,0.0,0.9628208884943459,0.736903772110333,0.24617577589175493
0,154,1,0.0,0.9628208884943459,0.6743249781164882,0.2696706956781183
0,155,1,0.0,0.9628528122275709,0.6785598206782283,0.2822952429119359
0,156,1,0.0,0.9628528122275709,0.6696467070539026,0.28946238791767726
0,157,1,0.0,0.9631472442597631,0.6593469772377525,0.27207089947100993
0,158,1,0.0,0.9631472442597631,0.6794992599990083,0.24928861343397407
0,159,1,0.0,0.9631472442597631,0.6230785558529063,0.29775506271887714
0,160,1,0.0,0.9626349902859284,0.6942613535773883,0.2641452467220313
0,161,1,0.0,0.9617117022457083,0.6622994019997384,0.2835580223092161
0,162,1,0.0,0.9617117022457083,0.7549879304663123,0.22792505413720296
0,163,1,0.0,0.9628629731327576,0.7374544576540206,0.2776845721262955
0,164,1,0.0,0.9617117022457083,0.6714742105270762,0.29355790384347114
0,165,1,0.0,0.9617117022457083,0.675331697574596,0.28169295128323557
0,166,1,0.0,0.9617117022457083,0.812093195790189,0.2046865566296503
0,167,1,0.0,0.9617117022457083,0.6787553974856444,0.2708475993523246
0,168,1,0.0,0.9617117022457083,0.680105816668977,0.30141710686271894
0,169,1,0.0,0.9617117022457083,0.5721370251680075,0.2693045230990318
0,170,1,0.0,0.9617117022457083,0.6238500908371332,0.2522071113588218
0,171,1,0.0,0.9617114252218515,0.6272603907117902,0.25522213737300925
0,172,1,0.0,0.9617117022457083,0.691256320737831,0.2701661478271962
0,173,1,0.0,0.9617117022457081,0.7142012986416094,0.3156398152234495
0,174,1,0.0,0.9616517062857552,0.6002157241907682,0.24921865887779895
0,175,1,0.0,0.9557458670555141,0.6563069898918558,0.25955190291495683
0,176,1,0.0,0.9557458670555141,0.5954680049919867,0.24498383058242992
0,177,1,0.0,0.955745910116798,0.72097856797385,0.23307775478907963
1,0,1,0.0,-0.010399999294193912,-0.01039999929419391,1.734723475976807e-18
1,1,1,0.0,-0.010332999293255223,-0.01041412122472511,4.9122503576411874e-05
1,2,1,0.0,-0.010294044265770628,-0.010431228884688316,8.784278393746382e-05
1,3,1,0.0,-0.010270356185141341,-0.010379992833112684,6.752941882718075e-05
1,4,1,0.0,-0.010270356185141341,-0.010374838982113182,0.00010094553544122684
1,5,1,0.0,-0.010270356185141341,-0.010335090220398767,8.451449624489871e-05
1,6,1,0.0,-0.010270356185141341,-0.010327231284601522,8.739731044402726e-05
1,7,1,0.0,-0.010258512144389819,-0.010309626634743581,6.641736403410593e-05
1,8,1,0.0,-0.009936462329987114,-0.010301993170242186,9.26329789668269e-05
1,9,1,0.0,-0.010258512144389819,-0.010322459334919758,9.459119291341109e-05
1,10,1,0.0,-0.010252590123914176,-0.010316942789321593,9.047048975047354e-05
1,11,1,0.0,-0.010249629184359054,-0.010310352014717129,8.908277094242027e-05
1,12,1,0.0,-0.010249629184359054,-0.010282204017216348,5.644696798470031e-05
1,13,1,0.0,-0.010249629184359054,-0.01033086173242573,0.00010816833865201405
1,14,1,0.0,-0.010249629184359054,-0.01030355918238448,9.330292545772423e-05
1,15,1,0.0,-0.010249629184359054,-0.010293368010310118,9.016207237248872e-05
1,16,1,0.0,-0.010249629184359054,-0.0103100001521246,9.796792273726802e-05
1,17,1,0.0,-0.010249629184359054,-0.010291836503974264,7.890272359657702e-05
1,18,1,0.0,-0.008964342073481742,-0.010267505262766265,0.000203042922291381
1,19,1,0.0,-0.00878554681289628,-0.01019916137478961,0.00036986520524661195
1,20,1,0.0,-0.007833549233611174,-0.009961980264472902,0.0006678329292811784
1,21,1,0.0,-0.007181717157128941,-0.00948697673337796,0.0009689194225045768
1,22,1,0.0,0.043217799047519774,-0.008202274071525793,0.00766034674055629
1,23,1,0.0,0.04438858109975192,-0.0034210863985423136,0.014528570064055992
1,24,1,0.0,0.06446554175303179,0.00466148272620698,0.020382535969881474
1,25,1,0.0,0.07289533251585664,0.018620236524055797,0.02638020364587746
1,26,1,0.0,0.0853720022970423,0.027829807117841936,0.027908009965766256
1,27,1,0.0,0.09647609296001446,0.037715376701249574,0.03426576255949816
1,28,1,0.0,0.15828925044758346,0.05375321194179798,0.044219236809112335
1,29,1,0.0,0.16035831885978905,0.07170430628719147,0.049354599973030384
1,30,1,0.0,0.20116845947354378,0.09160231005600693,0.05271556543568755
1,31,1,0.0,0.3232563226000142,0.1275292807362846,0.06615028565808599
1,32,1,0.0,0.30287103340788896,0.1466109124835011,0.07549904876515462
1,33,1,0.0,0.30434716195845024,0.17491243558943284,0.07015948190006777
1,34,1,0.0,0.34110014777485553,0.18929970784587297,0.0901302273810609
1,35,1,0.0,0.4070932472775266,0.22425822003813045,0.09947182339897268
1,36,1,0.0,0.4181387970093308,0.22853087330195954,0.11205012476541887
1,37,1,0.0,0.5891533770371833,0.21485143449097685,0.12404038174144459
1,38,1,0.0,0.5891533770371833,0.26254633029036606,0.10639153638019223
1,39,1,0.0,0.5891533770371833,0.30105467863028307,0.1152297854839238
1,40,1,0.0,0.5995145382435706,0.304680236411351,0.14312645036667748
1,41,1,0.0,0.5995145382435706,0.2911565776448406,0.1789537039288153
1,42,1,0.0,0.5995145382435706,0.2474244148352058,0.1805005154048108
1,43,1,0.0,0.6746411446813326,0.28814863205928914,0.17889633293110654
1,44,1,0.0,0.6746455331875658,0.30290549005324574,0.18236533924250933
1,45,1,0.0,0.6871488646477043,0.31510069973608484,0.21143071642237565
1,46,1,0.0,0.6871488646477043,0.30541708547027685,0.22567220581377667
1,47,1,0.0,0.6871488646477043,0.29256450012556184,0.24241794168089664
1,48,1,0.0,0.7113618766124027,0.3314347760605869,0.2531780459461675
1,49,1,0.0,0.7113618766124027,0.3091840231414826,0.24425487393531878
1,50,1,0.0,0.7113618766124027,0.24524375455570793,0.2310567874512425
1,51,1,0.0,0.7113618766124027,0.278987748791184,0.2190176869412593
1,52,1,0.0,0.7113618766124027,0.25838870522552915,0.20810087781756317
1,53,1,0.0,0.7113618766124027,0.2803397470950899,0.2090979888487878
1,54,1,0.0,0.711396585511316,0.3111002253169504,0.24186411325069734
1,55,1,0.0,0.7113618766124027,0.3335080873146899,0.23349941366997304
1,56,1,0.0,0.7113618766124027,0.3204039821380685,0.23315017837218957
1,57,1,0.0,0.7113618766124027,0.27152466358265803,0.23230927595712098
1,58,1,0.0,0.7113618766124027,0.30238038427041736,0.21699192846510879
1,59,1,0.0,0.7113706120367118,0.3089841003328758,0.22646367797358632
1,60,1,0.0,0.7113706120367118,0.3259652658617659,0.2453925959805267
1,61,1,0.0,0.7113706120367118,0.3538245254717377,0.2532254159001823
1,62,1,0.0,0.7113706120367118,0.2952504169741497,0.22896835909441338
1,63,1,0.0,0.7113706120367118,0.3763383744537675,0.2633576260971786
1,64,1,0.0,0.7113706120367121,0.3386655979568829,0.2675692493273078
1,65,1,0.0,0.7113706120367118,0.2872916082952605,0.24883959216444188
1,66,1,0.0,0.7113706120367118,0.31674117844553096,0.26107650848058295
1,67,1,0.0,0.7113706120367118,0.3478759073545031,0.24518127111187998
1,68,1,0.0,0.7113761983968003,0.29525590800832324,0.2651214112832819
1,69,1,0.0,0.7113761983968004,0.3556535849829553,0.2677124663504459
1,70,1,0.0,0.7002815448943136,0.3695380982467828,0.2483430246034988
1,71,1,0.0,0.7304959380736252,0.41632728575933986,0.27327665928125944
1,72,1,0.0,0.7304959380736252,0.4100066821921547,0.27678264227870064
1,73,1,0.0,0.7399731922657886,0.37964727906338,0.2674214097166624
1,74,1,0.0,0.762464898900345,0.41116212803717433,0.2866572557658059
1,75,1,0.0,0.7679892356804868,0.44547054879113984,0.28346660182875816
1,76,1,0.0,0.7679892356804868,0.43139273193441663,0.285525106930619
1,77,1,0.0,0.7820154730976249,0.4876078181325179,0.29025688797687593
1,78,1,0.0,0.7820154730976249,0.4194860593147329,0.3302838795324273
1,79,1,0.0,0.8149692536718274,0.362057974396199,0.2943913688335562
1,80,1,0.0,0.8149692536718269,0.44161640706830496,0.2866989631306485
1,81,1,0.0,0.8149692536718269,0.5852760983635984,0.26455131127070863
1,82,1,0.0,0.7984011194124572,0.42122803183359264,0.3253068528518905
1,83,1,0.0,0.8149692536718269,0.4197585485668587,0.30992315377714036
1,84,1,0.0,0.8149703029315197,0.5107875920669336,0.3049853083507873
1,85,1,0.0,0.8201806119227285,0.5285616606517507,0.32189133996675096
1,86,1,0.0,0.8201806119227285,0.500422928013049,0.30217751390411
1,87,1,0.0,0.8201806119227285,0.5425833627866868,0.3028361515765746
1,88,1,0.0,0.8201806119227285,0.5397702543219896,0.3160484674393165
1,89,1,0.0,0.8248762956084195,0.5189182295054818,0.3133580696931751
1,90,1,0.0,0.8248762956084195,0.39936993845389673,0.3119748807020543
1,91,1,0.0,0.8248762956084195,0.5259383399741161,0.28836300938760584
1,92,1,0.0,0.8248762956084192,0.37743850136413537,0.32959921453330915
1,93,1,0.0,0.8248762956084192,0.49977409228707836,0.30545654839714237
1,94,1,0.0,0.8248762956084192,0.4494549737984852,0.31940184074462474
1,95,1,0.0,0.9758693653414064,0.4610186774962134,0.3076016386407772
1,96,1,0.0,1.1438944161724791,0.5501601249453173,0.33040195021189334
1,97,1,0.0,1.130061748427752,0.5458497441403809,0.323105400148037
1,98,1,0.0,1.1258335059467544,0.7004082339737926,0.30849418063855366
1,99,1,0.0,1.1258335059467532,0.5557900718184512,0.3492419370435321
1,100,1,0.0,1.0330674190167013,0.6437090059127883,0.3420944316834641
1,101,1,0.0,1.1892513986863367,0.6808696504400832,0.3502310268621172
1,102,1,0.0,1.1892513986863367,0.594723426838651,0.39718397806170963
1,103,1,0.0,1.1939228103647426,0.5617131328163919,0.4268286415533703
1,104,1,0.0,1.1939228103647426,0.6433742613930389,0.39664643194128085
1,105,1,0.0,1.1951666124151727,0.6397549132052859,0.4122603468374273
1,106,1,0.0,1.1951666124151727,0.7393329604871656,0.46100355600732257
1,107,1,0.0,1.1951666124151727,0.6601752427463395,0.439847097978653
1,108,1,0.0,1.193922810364744,0.7182010296942668,0.4488429678702149
1,109,1,0.0,1.195166612415174,0.7783085506687054,0.45624952850741135
1,110,1,0.0,1.1961823106985345,0.7154834664020506,0.4722577001723009
1,111,1,0.0,1.1963389915059097,0.8132270970579684,0.43442147710997037
1,112,1,0.0,1.2110280654061696,0.7056361602156136,0.47629535379435606
1,113,1,0.0,1.2110280654061696,0.6147340255423742,0.45606536924418
1,114,1,0.0,1.2005059401378937,0.5857626472265728,0.4752355850896568
1,115,1,0.0,1.1973765015139404,0.6441108758531662,0.4743958468693341
1,116,1,0.0,1.2622235268584943,0.6507971586204278,0.46472173059526756
1,117,1,0.0,1.2622235268584943,0.4940590299629206,0.4319129918647193
1,118,1,0.0,1.2622235268584943,0.5106917473765646,0.43870676129010977
1,119,1,0.0,1.2622235268584943,0.6498395693916162,0.4405401115562913
1,120,1,0.0,1.2622235268584943,0.6291175236759342,0.43378349455284787
1,121,1,0.0,1.263493896412475,0.6490064848766491,0.4644711782021332
1,122,1,0.0,1.2622235268584943,0.6730664440750787,0.48349883711863434
1,123,1,0.0,1.2622235268584943,0.5615395836572677,0.4850834435169012
1,124,1,0.0,1.3051263723224742,0.6201174672185501,0.5005667459217611
1,125,1,0.0,1.2661709134427808,0.6454014340770737,0.4874434222839729
1,126,1,0.0,1.288817176998413,0.6620400076317351,0.4681357086658394
1,127,1,0.0,1.2661709134427808,0.7195380756622299,0.4567205133666146
1,128,1,0.0,1.2661709134427808,0.7006142420849861,0.4890732532583573
1,129,1,0.0,1.2661709134427808,0.5240159706095809,0.4365644699871596
1,130,1,0.0,1.264016319261728,0.7094219501752201,0.48570589916312684
1,131,1,0.0,1.264016319261728,0.5598422403828593,0.47788761020982484
1,132,1,0.0,1.3229350330502456,0.6523135255291078,0.4836370142841452
1,133,1,0.0,1.3229350330502454,0.9130405779468663,0.44217926584942024
1,134,1,0.0,1.3229350330502454,0.5970198453039839,0.4968719509403325
1,135,1,0.0,1.3229350330502454,0.6850555585403504,0.48207824584345815
1,136,1,0.0,1.3229350330502454,0.6454811313399718,0.5044947912326212
1,137,1,0.0,1.3229350330502454,0.7070037542556371,0.4917787442442056
1,138,1,0.0,1.3229350330502454,0.6970425358792045,0.4781016194949256
1,139,1,0.0,1.3229350330502454,0.7189856533368206,0.5081388665124664
1,140,1,0.0,1.311427623572938,0.6583063780804875,0.5052808954522038
1,141,1,0.0,1.311427623572938,0.8053955753292632,0.49297450652941494
1,142,1,0.0,1.311427623572938,0.8342964366922668,0.46810432183083667
1,143,1,0.0,1.3193737036636386,0.6971444630718656,0.495204613548188
1,144,1,0.0,1.3311799080530777,0.7114605861976582,0.5328203917678866
1,145,1,0.0,1.3311799080530777,0.7239321283637863,0.5189719261972049
1,146,1,0.0,1.3311799080530777,0.753057316304199,0.5120310473985886
1,147,1,0.0,1.3311799080530777,0.7420832543479696,0.5528086093138755
1,148,1,0.0,1.3311799080530777,0.6285202358737361,0.5037502841544929
1,149,1,0.0,1.3311799080530777,0.6790921408210615,0.5098091918400594
1,150,1,0.0,1.345329781988927,0.6620954073037031,0.4988180943952021
1,151,1,0.0,1.3453297819889278,0.6170964182774786,0.5037245986070525
1,152,1,0.0,1.3453297819889278,0.8216956055727532,0.4930388184682141
1,153,1,0.0,1.3453297819889278,0.7618182683697812,0.5020856260911865
1,154,1,0.0,1.373947559732385,0.7594394145209177,0.5221110210632578
1,155,1,0.0,1.373947559732385,0.7373022685205584,0.5167499561812324
1,156,1,0.0,1.373947559732385,0.8140556832340554,0.5136678007634551
1,157,1,0.0,1.396418843818339,0.7521134510823662,0.51826445019151
1,158,1,0.0,1.396418843818339,0.7919968743814203,0.52667047722798
1,159,1,0.0,1.4031334848461903,0.9670413227462905,0.4952644970667251
1,160,1,0.0,1.396418843818339,0.9585543042879959,0.5258704493859957
1,161,1,0.0,1.403076959355865,0.9424274937331345,0.5298901218601018
1,162,1,0.0,1.403076959355865,0.9383506980109985,0.5087344110484817
1,163,1,0.0,1.4131486870908283,0.9220761951215959,0.49976273646845437
1,164,1,0.0,1.4130397712982183,0.9443140271517588,0.5224555079528541
1,165,1,0.0,1.4130397712982183,0.810616300031573,0.5648890905984981
1,166,1,0.0,1.4130397712982183,0.9454060267822828,0.5340898457655331
1,167,1,0.0,1.4130397712982183,0.9483031449837682,0.5296921086724854
1,168,1,0.0,1.4130397712982183,0.9695170605000009,0.5417060460524011
1,169,1,0.0,1.4065568602632008,0.8345611362707318,0.5525729420815558
1,170,1,0.0,1.4130397712982183,1.054976882776609,0.46699195381360253
1,171,1,0.0,1.4130397712982183,0.8773379115236094,0.5674073265689651
1,172,1,0.0,1.4130397712982183,0.9081779610574559,0.5619314170023108
1,173,1,0.0,1.4130397712982183,0.9839929383668857,0.5241168006212139
1,174,1,0.0,1.4179422598228688,1.156324872822563,0.4173742539946102
1,175,1,0.0,1.4499251483877287,0.9621936714391642,0.5312141080510981
1,176,1,0.0,1.4485708015062044,0.8986708329113402,0.5514242689955924
1,177,1,0.0,1.449925148387729,0.9177858848901049,0.5629506956479434
1,178,1,0.0,1.454476773056587,0.9205711636822586,0.5303603316357399
1,179,1,0.0,1.4558931959548291,0.9132667853493489,0.5695609753461887
1,180,1,0.0,1.4558931959548291,0.9226696550486904,0.5422600047969328
1,181,1,0.0,1.4558931959548291,0.9558134263631034,0.5539804381612111
1,182,1,0.0,1.7332640443003438,0.8886926556069548,0.5771463317208927
1,183,1,0.0,1.7332640443003438,0.840832981995681,0.5966415530288175
1,184,1,0.0,1.7332640443003438,0.7482693056554071,0.5919689277288323
1,185,1,0.0,1.7332640443003438,0.9894261714273686,0.5929118346534932
1,186,1,0.0,1.8040009182710466,0.8879119938947262,0.6342211395312803
1,187,1,0.0,1.8040009182710466,0.7190002987364473,0.6031970643883175
1,188,1,0.0,1.807966291288253,0.8989534216348639,0.6708792596055194
1,189,1,0.0,1.8121804615681314,1.0377055062311267,0.690399661797288
1,190,1,0.0,1.8121804615681318,1.0124760395794061,0.7363450865562298
1,191,1,0.0,1.8710325911220635,1.0354455011238017,0.7288566392260944
1,192,1,0.0,1.8767252844229683,1.0239977531129048,0.7373861434319049
1,193,1,0.0,1.8745409247782479,1.0482031455141227,0.7752959411958354
1,194,1,0.0,1.8745409247782479,0.93775506397684,0.7608590154817177
1,195,1,0.0,1.8745409247782479,0.9024791119112308,0.7259853291280478
1,196,1,0.0,1.8745409247782474,0.84904819558463,0.7095062980309823
1,197,1,0.0,1.8745409247782474,1.1266880380832898,0.7562652975092063
1,198,1,0.0,1.8808968737495262,1.1524281485133547,0.7364145553012963
1,199,1,0.0,1.8808968737495262,1.1242502389535274,0.7608390655984273
1,200,1,0.0,1.8808968737495262,1.0658079047125353,0.7667559532924775
1,201,1,0.0,1.8809654502968063,0.7755330705138633,0.6866484787760171
1,202,1,0.0,1.8809654502968063,0.9099088766506578,0.7187004371333274
1,203,1,0.0,1.9147511818039145,1.0201004496859085,0.7679463365165994
1,204,1,0.0,1.9147511818039158,1.0797304033052562,0.771499341897642
1,205,1,0.0,1.9147511818039158,1.1317864957505708,0.7442557494229305
1,206,1,0.0,1.9056584082220496,0.9532088747099351,0.736729912308983
1,207,1,0.0,1.880896873749526,0.8781129861512962,0.7421302090044732
1,208,1,0.0,1.880896873749526,0.8368350626783299,0.7120991821194713
1,209,1,0.0,1.880896873749526,1.1720064877133316,0.7089274738880073
1,210,1,0.0,1.880896873749526,1.0256534415621252,0.7345774275679037
1,211,1,0.0,1.9113209581135804,1.0067702502015596,0.7325203800253965
1,212,1,0.0,1.9113209581135804,1.149522596454668,0.6982780669315332
1,213,1,0.0,1.9113209581135804,1.0191249168448542,0.7600670116260004
1,214,1,0.0,1.9113209581135804,0.9532285062843879,0.7590689401837282
1,215,1,0.0,1.9113209581135804,0.7886894922777321,0.7303499689106409
1,216,1,0.0,1.9120711682667906,0.9106252606262979,0.7654617409042832
1,217,1,0.0,1.9120711682667906,0.951282101518917,0.7284309041838021
1,218,1,0.0,1.9120711682667906,1.0968586609500077,0.746361969984254
1,219,1,0.0,1.9163683378415262,1.0050965844785467,0.77294880651927
1,220,1,0.0,1.9542454253144896,1.1039842542300486,0.7752257809020381
1,221,1,0.0,1.9542454253144896,0.785304693943124,0.7443678498669286
1,222,1,0.0,1.9542454253144896,1.1238018285937161,0.7607553622474502
1,223,1,0.0,1.916422574901232,1.0193130155916477,0.7768954178471755
1,224,1,0.0,1.916422574901232,1.0440416227094966,0.7962437532662089
1,225,1,0.0,1.921882574482373,1.1127548572920405,0.7910140850995668
1,226,1,0.0,1.922347684414394,0.8973486746387641,0.7764647677143095
1,227,1,0.0,1.960034345732127,1.1061596473138617,0.7932678723859644
1,228,1,0.0,1.960034345732127,1.1367305802845245,0.807506246560055
1,229,1,0.0,1.960034345732127,1.2309945330673353,0.7856198337516623
1,230,1,0.0,1.960034345732127,1.1480590296642177,0.8196182598072883
1,231,1,0.0,1.9653668659882215,1.0407406037620364,0.789625754425465
1,232,1,0.0,1.9600343457321272,1.1511761092899997,0.7964776121837197
1,233,1,0.0,1.9653668659882202,1.2190328686147045,0.8060850512582028
1,234,1,0.0,1.9663703424037244,1.1188205458016316,0.820936497291386
1,235,1,0.0,1.966370342403735,0.955848377271138,0.7906912031458743
1,236,1,0.0,1.9666038543476752,1.1109578399191224,0.7801229439062708
1,237,1,0.0,1.9666038543476763,1.1785332914628013,0.7787622807375639
1,238,1,0.0,1.9666038543476763,1.1052966615275281,0.7935352841430714
1,239,1,0.0,1.9666038543476763,0.9385238289485779,0.7774032681343611
1,240,1,0.0,1.9666038543476752,0.931074428522798,0.8026763517411081
1,241,1,0.0,1.9666038543476752,1.0488124282303086,0.8019137042767696
1,242,1,0.0,1.960034345732127,0.9758245122349127,0.804725319425081
1,243,1,0.0,1.9633926548914984,0.7842897853616969,0.7680151970213761
1,244,1,0.0,1.9810279375807989,1.0677444826957545,0.7515516142875031
1,245,1,0.0,1.9886857490064667,1.030519515430333,0.8010607607148326
1,246,1,0.0,1.9886857490064667,0.8556291320918381,0.7745932013797399
1,247,1,0.0,1.9886857490064667,1.0720216315894522,0.7885970577802933
1,248,1,0.0,1.9886857490064667,1.1867819552599936,0.7859101271263901
1,249,1,0.0,1.9920880085498474,1.0058125784696128,0.7761428009031847
1,250,1,0.0,1.9920880085498456,1.2658537557963199,0.7694321243473221
1,251,1,0.0,1.9906673181310042,1.1879524628506544,0.8062127380090867
1,252,1,0.0,1.9906673181310042,1.5451061762957545,0.6713360609212705
1,253,1,0.0,2.003002657329208,1.0580742780261896,0.8232087968661843
1,254,1,0.0,1.9906673181310042,1.167346905380945,0.7407356852727641
1,255,1,0.0,1.9975525350819927,1.0709277355545856,0.8181127025369164
1,256,1,0.0,1.9988982128579287,0.955527373866626,0.7817931792510519
1,257,1,0.0,1.9988982128579287,1.1840747242836152,0.7889870368319973
1,258,1,0.0,1.9988982128579287,1.0145685680979,0.8107681169838691
1,259,1,0.0,1.9988982128579287,1.2631344763035774,0.7947172409897821
1,260,1,0.0,1.9988982128579287,1.1783325489751464,0.8009063553772549
1,261,1,0.0,2.01863260530352,1.1500699715384466,0.8094861792433793
1,262,1,0.0,2.0338398547989365,1.0007189648521022,0.7832683435223908
1,263,1,0.0,2.0338398547989365,1.071176866611148,0.7690052022065246
1,264,1,0.0,2.0338398547989365,1.0638878293846188,0.7757596888637337
1,265,1,0.0,2.0338398547989365,1.0266026310670033,0.8175827084310052
1,266,1,0.0,2.0338398547989365,1.1837594811973657,0.799821204674843
1,267,1,0.0,2.033839854798937,0.8804074946614171,0.7904797355723634
1,268,1,0.0,2.033839854798937,1.0658336146919252,0.7956201748192868
1,269,1,0.0,2.033905862571666,1.0339375017838794,0.8480461195920999
1,270,1,0.0,2.033839854798937,1.0286661010180123,0.8009781802638785
1,271,1,0.0,2.033839854798937,1.0889975927229485,0.8338353088619905
1,272,1,0.0,2.036736496451995,1.0741455456489573,0.8457265435329339
1,273,1,0.0,2.0297079582645337,0.960469096166479,0.8183155597613507
1,274,1,0.0,2.0297079582645337,0.9519861443406548,0.8035399947590466
1,275,1,0.0,2.0297079582645337,0.9339756986325718,0.7539036104545791
1,276,1,0.0,2.0297079582645163,0.8366165776923971,0.7015580303062382
1,277,1,0.0,2.0135623722409486,0.7448688791861933,0.671432500672177
1,278,1,0.0,2.0180782082346114,0.8512325979111943,0.6814043347737784
1,279,1,0.0,2.0180782082346114,0.9829776269918218,0.7718282854318299
1,280,1,0.0,2.0180782082346114,0.9097707418423706,0.7877082153871422
1,281,1,0.0,2.0275967353473434,0.9423507881901437,0.788028481360067
1,282,1,0.0,2.0275967353473434,0.9129463015655435,0.8162303952224477
1,283,1,0.0,2.0275967353473434,0.8154865025176598,0.8143715792925948
1,284,1,0.0,2.0186269904725935,0.7691285745889109,0.731374881074712
1,285,1,0.0,2.0186269904725935,0.9375612836323735,0.7323542682456198
1,286,1,0.0,2.028367089755855,0.9070693304125083,0.7768408721967146
1,287,1,0.0,2.0186269904725935,0.8691469831908093,0.7658599359150802
1,288,1,0.0,2.0146912576290306,0.8081237367217925,0.784886584617614
1,289,1,0.0,2.015027223839256,0.9757387799292916,0.859248232427314
1,290,1,0.0,2.018484250863293,0.8062414203444408,0.7860037124743122
1,291,1,0.0,2.018484250863293,0.8825884538461822,0.7488130975663354
1,292,1,0.0,2.0180782082346114,1.0214923980770414,0.7427099618578201
1,293,1,0.0,2.011479446716285,0.8618798816870472,0.7907314370937606
1,294,1,0.0,2.011479446716285,0.7965213106852521,0.761970581825052
1,295,1,0.0,2.011479446716284,0.6921335692606181,0.6824068276846971
1,296,1,0.0,2.011479446716284,0.9409967002645722,0.6939699421563222
1,297,1,0.0,1.9943665915935487,0.7854185668186284,0.7194949667548212
2,0,1,0.0,-0.010399999294193912,-0.01039999929419391,1.734723475976807e-18
2,1,1,0.0,-0.010332999293255223,-0.010417441164024065,5.5567781391406845e-05
2,2,1,0.0,-0.010294044265770628,-0.01040047204849612,5.673939916705791e-05
2,3,1,0.0,-0.010299499293033285,-0.010418554173686787,8.906411370298774e-05
2,4,1,0.0,-0.010294044265770628,-0.010384591029109973,6.545571295997948e-05
2,5,1,0.0,-0.010270356185141341,-0.010357137588997518,6.082259678630866e-05
2,6,1,0.0,-0.00757499376399647,-0.010291513148119859,0.00039395693613025377
2,7,1,0.0,0.032288680869502186,-0.009458021123288127,0.005967138169150419
2,8,1,0.0,0.05508675677966476,-0.006679487745977849,0.01259048351885738
2,9,1,0.0,0.08588321541863536,0.0027398747367613154,0.02191580073781642
2,10,1,0.0,0.14748965747228351,0.022596190086675502,0.03258511344061682
2,11,1,0.0,0.14750663236091832,0.03309326345248385,0.040374076736854884
2,12,1,0.0,0.17867064452229625,0.059392954652929604,0.04681417895234562
2,13,1,0.0,0.3854781192258603,0.09354952228377987,0.06347044248048549
2,14,1,0.0,0.3854781192258603,0.10968660477532335,0.08260863137837354
2,15,1,0.0,0.39047472703761904,0.15674175026294368,0.11442120748743051
2,16,1,0.0,0.558172909347021,0.18868922076638253,0.11629024172240152
2,17,1,0.0,0.39421832501721726,0.1448045756880193,0.13250596838136622
2,18,1,0.0,0.39421832501721726,0.1861373375694712,0.1335137451681907
2,19,1,0.0,0.4367578523098015,0.16541249287541684,0.14172274816909775
2,20,1,0.0,0.5688399861097597,0.18810743430695084,0.15707601557463582
2,21,1,0.0,0.5688399861097603,0.2658501418705566,0.17627625659564003
2,22,1,0.0,0.5688399861097603,0.22851466219295805,0.17688253785159072
2,23,1,0.0,0.5688983928075634,0.269576386318478,0.19058625119689074
2,24,1,0.0,0.5688983928075634,0.26017400316368944,0.18960521438055175
2,25,1,0.0,0.5856632765869231,0.2505737981532937,0.19895312325325223
2,26,1,0.0,0.5856632765869231,0.18381495028221181,0.19061120989877697
2,27,1,0.0,0.5857190084310355,0.20759713328295454,0.18549974579951514
2,28,1,0.0,0.5857190084310355,0.2847360135518551,0.21615323795284788
2,29,1,0.0,0.6416684766983519,0.2809560465636881,0.21799778510565124
2,30,1,0.0,0.6416684766983519,0.3355020659854669,0.22826223750029462
2,31,1,0.0,0.6381202633140879,0.26337453410300043,0.22754155048090383
2,32,1,0.0,0.6529998607365534,0.3115526618899342,0.2368645615410267
2,33,1,0.0,0.652999860736554,0.2926397120032338,0.2292465498962053
2,34,1,0.0,0.6896304439688808,0.2660654016832576,0.23360588329582932
2,35,1,0.0,0.6896304439688808,0.29812574667720837,0.21188515685237938
2,36,1,0.0,0.7076369541516053,0.2876351657835608,0.23435784687482147
2,37,1,0.0,0.7076369541516053,0.35402811263950396,0.23848281988176903
2,38,1,0.0,0.7076369541516053,0.38141746874749755,0.25853874999759563
2,39,1,0.0,0.7618059265470937,0.37661824902583524,0.2678370397460578
2,40,1,0.0,0.7618059265470937,0.36029867195469156,0.2625418447411415
2,41,1,0.0,0.7618059265470937,0.35730599407814345,0.27206691591300525
2,42,1,0.0,0.7618059265470937,0.3714878611464645,0.26465483970896003
2,43,1,0.0,0.7618059265470937,0.3241304117715944,0.2712624586967072
2,44,1,0.0,0.7650530547469327,0.35901779367683845,0.2649132440841059
2,45,1,0.0,0.9344535936997683,0.38962802476701186,0.2903293927954214
2,46,1,0.0,0.9374744492938948,0.4281993869072527,0.29619445609907613
2,47,1,0.0,0.9374744492938948,0.507178829453771,0.2819884347633251
2,48,1,0.0,0.940098710512499,0.5403978317104738,0.27853940509595626
2,49,1,0.0,0.9400999230460051,0.5698567049121689,0.2838115724159385
2,50,1,0.0,1.00245857780925,0.5976861597617178,0.27595836752859204
2,51,1,0.0,1.00245857780925,0.6337192461712317,0.2648679142155493
2,52,1,0.0,1.0113465514559252,0.5986629698269982,0.31580045660203626
2,53,1,0.0,1.0230377765664271,0.5236473323843339,0.3293782263765627
2,54,1,0.0,1.0230377765664271,0.603750828158875,0.33034921288000824
2,55,1,0.0,1.2127467072289924,0.7132212544522432,0.33555071895676286
2,56,1,0.0,1.2127467072289924,0.7362455907962225,0.35324757586386096
2,57,1,0.0,1.2082377341204806,0.630077611088868,0.3568927451928418
2,58,1,0.0,1.2082377341202584,0.5626309594079067,0.332088619350094
2,59,1,0.0,1.2082377341202584,0.6677496263913142,0.3016524392931783
2,60,1,0.0,1.2082377341202584,0.7351328529225234,0.3034047614529614
2,61,1,0.0,1.2660784103853937,0.6009821427230078,0.367803254255582
2,62,1,0.0,1.2706275743240434,0.692721095735522,0.3543348683651498
2,63,1,0.0,1.2161657189845243,0.6483410389008952,0.3827090706929526
2,64,1,0.0,1.2161657189845243,0.6650974487905154,0.38034615144454637
2,65,1,0.0,1.2518082088601872,0.6312433501031672,0.38994670653620017
2,66,1,0.0,1.260047346710494,0.6159952213839905,0.3701862463145889
2,67,1,0.0,1.2596703693956899,0.7280690623835626,0.4152272403945018
2,68,1,0.0,1.2596703693956899,0.7000140815649938,0.37647500225801406
2,69,1,0.0,1.3116119543969365,0.6872925677296559,0.4348950437482516
2,70,1,0.0,1.368144934210351,0.7810095227426097,0.4447958162081188
2,71,1,0.0,1.3823724527931158,0.7314689894535183,0.43643931464841607
2,72,1,0.0,1.3823724527931158,0.8352940263201719,0.4174997946798027
2,73,1,0.0,1.3823724527931158,0.8019857804616596,0.4135362283017328
2,74,1,0.0,1.3823724527931154,0.6937181124035571,0.4322475858166829
2,75,1,0.0,1.3823724527931154,0.7317476393542269,0.4265436263528373
2,76,1,0.0,1.3823724527931154,0.7357238523122581,0.4435421742180046
2,77,1,0.0,1.3823724527931154,0.7320367506324539,0.4346910059231195
2,78,1,0.0,1.3823724527931154,0.7881604423382745,0.45038121670966513
2,79,1,0.0,1.40989187898547,0.60526743306114,0.4466535225703197
2,80,1,0.0,1.40989187898547,0.7977165742452361,0.47324265326169035
2,81,1,0.0,1.40989187898547,0.7050354351798502,0.4358942686806223
2,82,1,0.0,1.40989187898547,0.8159386210864971,0.5070460426964536
2,83,1,0.0,1.40989187898547,0.7704099639503474,0.4706335589603674
2,84,1,0.0,1.4207162316498232,0.724568747153674,0.441674065255426
2,85,1,0.0,1.4207162316498232,0.7131474847904979,0.46187576064689007
2,86,1,0.0,1.4207162316498232,0.744293304434252,0.4942090557451795
2,87,1,0.0,1.4278152108578532,0.8489674113429134,0.4631906282495573
2,88,1,0.0,1.4231443152797643,0.7270046844841141,0.4903721816413581
2,89,1,0.0,1.4336887125004507,0.7540110243084642,0.49609266777301764
2,90,1,0.0,1.4231443152797643,0.6304488312851921,0.42091232945868656
2,91,1,0.0,1.4231443152797643,0.6944153442717257,0.39229953698467784
2,92,1,0.0,1.4231443152797643,0.745553770312255,0.4495953697534179
2,93,1,0.0,1.4231443152797643,0.6874049420833424,0.4767625781938769
2,94,1,0.0,1.428289851690217,0.8282305932735389,0.4221836376954564
2,95,1,0.0,1.428289851690217,0.7834151808471157,0.4661693038669658
2,96,1,0.0,1.431373124273635,0.8110839409477848,0.45603127674569677
2,97,1,0.0,1.431373124273635,0.6913535738637903,0.45964267646816864
2,98,1,0.0,1.431373124273635,0.7780294385634856,0.4553473542331287
2,99,1,0.0,1.431373124273635,0.757021773703295,0.4752484207658805
2,100,1,0.0,1.431373124273635,0.8245531412377506,0.4814653994101508
2,101,1,0.0,1.4278152108578532,0.7721982800983253,0.44383885852248606
2,102,1,0.0,1.4359100741806246,0.6451354416468785,0.49068988379555
2,103,1,0.0,1.4278152108578532,0.7882594012966372,0.47708762837441376
2,104,1,0.0,1.4278152108578532,0.7653559607486871,0.4793111219739231
2,105,1,0.0,1.4278152108578532,0.7952842379173687,0.532245084002527
2,106,1,0.0,1.4282758736973389,0.8702538570853245,0.49532703254927474
2,107,1,0.0,1.4278152108578532,0.6384639300018056,0.4724490742335032
2,108,1,0.0,1.4278152108578532,0.7257186034141105,0.42490013457941345
2,109,1,0.0,1.4289710331032217,0.7946961091885351,0.4762950621886582
2,110,1,0.0,1.4289710331032217,0.6597920068509517,0.45403954684343195
2,111,1,0.0,1.4289710331032217,0.6178700139448977,0.4244796161745809
2,112,1,0.0,1.4359100741806246,0.6199892215558882,0.3917494213822815
2,113,1,0.0,1.4289710331032217,0.732564737100622,0.41979722297119143
2,114,1,0.0,1.4742672584375953,0.7662131457683102,0.4559782406951707
2,115,1,0.0,1.4289710331032217,0.6837480159409312,0.47997492248240664
2,116,1,0.0,1.4289710331032217,0.6927482383660499,0.4405352322606033
2,117,1,0.0,1.4218671635982074,0.8396147837800371,0.4807090913994476
2,118,1,0.0,1.4259581941045227,0.8506630253833503,0.4832508586656168
2,119,1,0.0,1.4259581941045227,0.8175889688276397,0.4666915868074263
2,120,1,0.0,1.45440232800005,0.7537327729250215,0.4978718701033283
2,121,1,0.0,1.45440232800005,0.7155169645731619,0.46256608611577865
2,122,1,0.0,1.4326679910734723,0.7467419471093076,0.4758594699992402
2,123,1,0.0,1.4557765127448883,0.8107467536765829,0.4878437763242161
2,124,1,0.0,1.4326679910734723,0.7877653731596933,0.475813441761607
2,125,1,0.0,1.4326679910734723,0.7540365122877489,0.5168332026389459
2,126,1,0.0,1.4228051261449546,0.5312944261730724,0.3728417359073827
2,127,1,0.0,1.4228051261449546,0.6550204380890908,0.43134123208941305
2,128,1,0.0,1.4969905018336045,0.7560018161347262,0.4684533229035408
2,129,1,0.0,1.422807515735568,0.7499771162799814,0.4902116470121924
2,130,1,0.0,1.4283090671288332,0.610043334884126,0.47419282614479635
2,131,1,0.0,1.4283090671288332,0.8330355736632715,0.4503462169293542
2,132,1,0.0,1.4283090671288332,0.8573423277417875,0.45487803649709013
2,133,1,0.0,1.4283090671288332,0.8408381787110956,0.5087109913181127
2,134,1,0.0,1.4283090671288332,0.715711591239465,0.4917087415194619
2,135,1,0.0,1.4283090671288332,0.7659463655355814,0.47445383839872923
2,136,1,0.0,1.431533495215008,0.8726002183465558,0.4696343833519738
2,137,1,0.0,1.4372868122252265,0.7539735139814073,0.5137347477493415
2,138,1,0.0,1.4372868122252265,0.8376870799946691,0.45455857306221964
2,139,1,0.0,1.4372868122252265,0.9895822596123048,0.44829237893423524
2,140,1,0.0,1.4524635803501116,0.8249210710946414,0.5295334834883431
2,141,1,0.0,1.4372868122252265,0.7958563795630843,0.4710635412812421
2,142,1,0.0,1.4413755869055418,0.7657634327473639,0.4762233586899589
2,143,1,0.0,1.4413755869055418,0.7758605624384421,0.48740523450987805
2,144,1,0.0,1.461979670514508,0.8662133005299978,0.5057838352696126
2,145,1,0.0,1.461979670514508,0.7265119996736218,0.5263856843556279
2,146,1,0.0,1.461979670514508,0.9563697178040281,0.48128202771267264
2,147,1,0.0,1.461979670514508,0.804172955425663,0.5761297451465499
2,148,1,0.0,1.4712858574097085,0.6669973660689866,0.5119437439998031
2,149,1,0.0,1.4712858574097085,0.7792606611955922,0.5148423932325534
2,150,1,0.0,1.4717362748842042,0.7470611541653556,0.5074775639863317
2,151,1,0.0,1.4717362748842042,0.7854495105674977,0.5277463424781796
2,152,1,0.0,1.4717362748842042,0.7124511371312191,0.5121079207035286
2,153,1,0.0,1.4717362748842042,0.9054892035563564,0.5357235198641396
3,0,1,0.0,-0.010399999294193912,-0.01039999929419391,1.734723475976807e-18
3,1,1,0.0,-0.010332999293255223,-0.010418114958698836,4.66822669562416e-05
3,2,1,0.0,-0.010332999293255223,-0.01042552232156171,6.06077641345089e-05
3,3,1,0.0,-0.010332999293255223,-0.010415431715216495,6.89168803542307e-05
3,4,1,0.0,-0.010294044265770628,-0.010400029383826028,7.141426948558529e-05
3,5,1,0.0,-0.010294044265770628,-0.010397100946067097,8.436691248415262e-05
3,6,1,0.0,-0.010270356185141341,-0.010388327643953787,9.338577685207085e-05
3,7,1,0.0,-0.010270356185141341,-0.010342615524851247,7.099357622161716e-05
3,8,1,0.0,-0.010258512144389819,-0.010332360439038603,7.271436486613798e-05
3,9,1,0.0,-0.010252590123914176,-0.010317835980348402,8.068829280207303e-05
3,10,1,0.0,-0.010252590123914176,-0.010303339562120681,7.186106740947863e-05
3,11,1,0.0,-0.010252590123914176,-0.0102850894969596,5.811130097837746e-05
3,12,1,0.0,-0.010249629184359054,-0.010309294190126496,9.493106069147054e-05
3,13,1,0.0,-0.010249629184359054,-0.010304654440605831,8.133377833521634e-05
3,14,1,0.0,-0.010249629184359054,-0.010290148693564616,7.854894022558769e-05
3,15,1,0.0,-0.008951449910737638,-0.010276613811146385,0.00020838140937352897
3,16,1,0.0,-0.008951449910737638,-0.01024860081155603,0.0002408300436980447
3,17,1,0.0,-0.00325188665565684,-0.010001302751390733,0.0010410354863469036
3,18,1,0.0,0.028385219694468083,-0.008875627229385515,0.005866570261940121
3,19,1,0.0,0.024339494955212,-0.0072894235686804575,0.006621157843369487
3,20,1,0.0,0.04236666397682054,-0.004324159821791051,0.01188847480162874
3,21,1,0.0,0.06989115869258532,0.01016055740605683,0.022846846482450264
3,22,1,0.0,0.11681144529072413,0.031429114972871146,0.029860634752879273
3,23,1,0.0,0.20385161701900753,0.05760755649103112,0.04196806998664789
3,24,1,0.0,0.22388330748053664,0.08423286639682676,0.05328151887389354
3,25,1,0.0,0.3034456622503869,0.11448110801396971,0.06124021035016761
3,26,1,0.0,0.3507301104119464,0.15357773684310497,0.09481527572260201
3,27,1,0.0,0.3507301104119464,0.18534320680187868,0.09672090127554135
3,28,1,0.0,0.4260057616130061,0.21291748990687825,0.10842654013808416
3,29,1,0.0,0.6195872916124796,0.2265808223144375,0.13344267260272474
3,30,1,0.0,0.6656210330981097,0.29496063072152895,0.14695544282626097
3,31,1,0.0,0.7932755301275047,0.41338912815392015,0.12690069961555958
3,32,1,0.0,0.7968581162342261,0.44657400110820583,0.13160995825610175
3,33,1,0.0,0.7932755301275047,0.4477012418170387,0.15070902976055214
3,34,1,0.0,0.7932755301275047,0.43383150024732886,0.172950925334593
3,35,1,0.0,0.6956527765632613,0.48300615524066637,0.14571195680841173
3,36,1,0.0,0.6789571883560152,0.4754974899298487,0.15169421834597835
3,37,1,0.0,0.6789571883560152,0.5082634441940369,0.16839790713044403
3,38,1,0.0,0.6801531078220856,0.47459868017584667,0.1631431435299935
3,39,1,0.0,0.6945608304979989,0.45950676943384294,0.16514545586377222
3,40,1,0.0,0.8025871992631516,0.48893123237438507,0.16173081223657787
3,41,1,0.0,0.8025871992631516,0.46740330220553333,0.19481526136834626
3,42,1,0.0,0.8076972447192311,0.5274691149228614,0.18495594021678935
3,43,1,0.0,0.8076972447192311,0.5710576282643092,0.17456691518456127
3,44,1,0.0,0.8050955743229334,0.5963175679520587,0.18729737516969963
3,45,1,0.0,0.8064409297465104,0.575706624375913,0.1882699565047658
3,46,1,0.0,0.8064409297465104,0.5037057977148148,0.2128630846889014
3,47,1,0.0,0.8084957873435658,0.5213481765583112,0.1952628713031047
3,48,1,0.0,0.866256352064062,0.5188026280560855,0.21900670270445413
3,49,1,0.0,0.866256352064062,0.5627815979823341,0.19982868289978706
3,50,1,0.0,0.8696713673517137,0.6010086930969443,0.20536087062396596
3,51,1,0.0,0.8697259916555238,0.5737547482519392,0.20970493953854388
3,52,1,0.0,0.8697259916555238,0.5942015106305941,0.19319242375502418
3,53,1,0.0,0.8697259916555238,0.5465044109728008,0.20945408331285537
3,54,1,0.0,0.9201101591874329,0.5914869065045287,0.20429492778707972
3,55,1,0.0,0.9201101591874329,0.6133404354489821,0.20810474585122402
3,56,1,0.0,0.8726464307131391,0.626294695143076,0.1906010216475852
3,57,1,0.0,0.8774864232534851,0.6596969158722861,0.206279982568124
3,58,1,0.0,0.8971667306646199,0.6267690894874473,0.25616794927499126
3,59,1,0.0,0.8971667306646199,0.7004602238292773,0.18141807785837671
3,60,1,0.0,0.903356299586947,0.6388330588290644,0.21511863382500385
3,61,1,0.0,0.903356299586947,0.6732053044754245,0.20806330972282638
3,62,1,0.0,0.903356299586947,0.6817557200405878,0.20762258320432322
3,63,1,0.0,0.903356299586947,0.6227002682601225,0.23425773623053303
3,64,1,0.0,0.943904320633896,0.6690401025935799,0.21948057954309824
3,65,1,0.0,0.943904320633896,0.6445612823232362,0.2512430685886247
3,66,1,0.0,1.0322588989495811,0.7181288614395175,0.2263987871970671
3,67,1,0.0,1.0409356301216486,0.7042986579577826,0.23139359906823523
3,68,1,0.0,1.0409356301216486,0.7315098167500688,0.256251331230006
3,69,1,0.0,1.0482655408390544,0.70828107725717,0.2731130567346866
3,70,1,0.0,1.0409356301216486,0.7340466674126528,0.2619617048473043
3,71,1,0.0,1.056493189672149,0.7268188020905646,0.2775675325392375
3,72,1,0.0,1.058338650474389,0.8026145875742849,0.23582308564263968
3,73,1,0.0,1.0628536703396767,0.7500767795211164,0.2908598668322509
3,74,1,0.0,1.0674170528869862,0.6997371431824431,0.26559464601102123
3,75,1,0.0,1.094917314590034,0.689805351011309,0.322567200876276
3,76,1,0.0,1.1094682107497766,0.7887785844827979,0.2879338413374745
3,77,1,0.0,1.1071435424402707,0.6956753751916708,0.32431009056139937
3,78,1,0.0,1.1071435424402707,0.725570704188518,0.3274004324809589
3,79,1,0.0,1.1071435424402714,0.7185887499173349,0.2913757815106571
3,80,1,0.0,1.1071435424402707,0.7488857283135388,0.26039719068530465
3,81,1,0.0,1.1071435424402707,0.7625152511377152,0.32181444138056164
3,82,1,0.0,1.1141077989906594,0.8082454611995245,0.31346752828299806
3,83,1,0.0,1.1250297215158505,0.7811509470682212,0.326055954023593
3,84,1,0.0,1.1250297215158505,0.6661680149421753,0.28867525415974543
3,85,1,0.0,1.1250297215158505,0.7946300115292064,0.2874195884496559
3,86,1,0.0,1.1409868879345268,0.7827761604837495,0.33027384341391713
3,87,1,0.0,1.1459147847803577,0.791342713263706,0.3242909882534289
3,88,1,0.0,1.1459147847803577,0.7432371117259017,0.33505579266665114
3,89,1,0.0,1.1459147847803577,0.8222018671404066,0.2995884792933605
3,90,1,0.0,1.1523144282658806,0.800206034314232,0.31840655097816073
3,91,1,0.0,1.1523144282658806,0.7796006497993204,0.3050828425996862
3,92,1,0.0,1.1717217958901873,0.7202361705695773,0.31202491604305
3,93,1,0.0,1.1789599033954248,0.8060687542736252,0.3282880588104932
3,94,1,0.0,1.171721795890188,0.7767315266380409,0.33227314328384455
3,95,1,0.0,1.171721795890188,0.9008269579767522,0.26899791637482345
3,96,1,0.0,1.171721795890188,0.8378183140518296,0.28716730173460986
3,97,1,0.0,1.171721795890188,0.8482459905212152,0.29736434920507776
3,98,1,0.0,1.171721795890188,0.7593429270622216,0.37830294296607936
3,99,1,0.0,1.176880681394425,0.8031341613586561,0.32169862173180264
3,100,1,0.0,1.1774873860573276,0.8618789109790717,0.3144971517022083
3,101,1,0.0,1.1893081327931354,0.9634632046835714,0.25315583390349544
3,102,1,0.0,1.1989968550128285,0.8093362271772048,0.35006760317163316
3,103,1,0.0,1.1989968550128285,0.857011029664447,0.30675363075593715
3,104,1,0.0,1.1989968550128285,0.8367371608972519,0.33752781038852203
3,105,1,0.0,1.1956899230468183,0.8374461767072607,0.3207363043118897
3,106,1,0.0,1.1944579722026687,0.7974516828037045,0.26708471378501547
3,107,1,0.0,1.187106352688458,0.8535443071767058,0.33047149644160545
3,108,1,0.0,1.191025880293559,0.807525182496279,0.343888731871326
3,109,1,0.0,1.2008095510229966,0.8144721722682489,0.3263768347257744
3,110,1,0.0,1.1933319744277626,0.8652503162997048,0.3012761456588637
3,111,1,0.0,1.1933319744277626,0.8081807251303992,0.3486606297910612
3,112,1,0.0,1.2041175113129545,0.8305193892856907,0.3127094990893208
3,113,1,0.0,1.2041175113129545,0.8327053380395711,0.3206283579026553
3,114,1,0.0,1.2041175113129545,0.8090184908781312,0.33420265635786406
3,115,1,0.0,1.2041175113129545,0.7470964510405433,0.33334925215544464
3,116,1,0.0,1.2060586451953532,0.867244781360488,0.3274338385503896
3,117,1,0.0,1.2060586451953532,0.8114509608671946,0.30328027912174566
3,118,1,0.0,1.2060586451953532,0.818129783404045,0.33496215118870726
3,119,1,0.0,1.2124860388510064,0.8084521484557413,0.3565766628051277
3,120,1,0.0,1.2124860388510064,0.9203622526126157,0.3242650309290407
3,121,1,0.0,1.2124860388510064,0.8261547522162109,0.31752946270961424
3,122,1,0.0,1.2124860388510064,0.8427543250007177,0.3224406310334997
3,123,1,0.0,1.2124860388510064,0.8666543126567561,0.3479119736907822
3,124,1,0.0,1.2186530226818932,0.8592583506275591,0.3410289385730336
3,125,1,0.0,1.2162803419968855,0.7542338657485065,0.3565392552364649
3,126,1,0.0,1.2162803419968855,0.8835566724184255,0.3195529666332817
3,127,1,0.0,1.2166753528695249,0.7600284766273746,0.31864798750075846
3,128,1,0.0,1.209874962191547,0.7230563117209065,0.29784767611307955
3,129,1,0.0,1.2166753528695249,0.786633976278767,0.33786861134184554
3,130,1,0.0,1.2223175677372033,0.8558136224996695,0.3178421096658262
3,131,1,0.0,1.2223175677372018,0.7730674266298722,0.33862797877525297
3,132,1,0.0,1.209874962191547,0.6931926384975496,0.3149885412260378
3,133,1,0.0,1.2123209124087275,0.7069192244952097,0.3391502365359768
3,134,1,0.0,1.2077572849866107,0.7990515019425589,0.3258144319285634
3,135,1,0.0,1.2077572849866107,0.8578424236681649,0.3237357660289894
3,136,1,0.0,1.2077572849866107,0.8206741436014291,0.3246109652620043
3,137,1,0.0,1.2077572849866107,0.8759415153356788,0.33772789145506676
3,138,1,0.0,1.2074217396026274,0.7991628018104948,0.3701994857170573
3,139,1,0.0,1.2092212176292294,0.7970990329691636,0.3557198295175935
3,140,1,0.0,1.2074217396026274,0.8742484062295208,0.3437884597465897
3,141,1,0.0,1.2086143840497077,0.7932101530158567,0.36248120504022957
3,142,1,0.0,1.2086143840497097,0.9391184464872574,0.32055827473655896
3,143,1,0.0,1.2120978183854798,0.8654920000810247,0.36936543650003206
3,144,1,0.0,1.2111286048520276,0.9013915701350642,0.331899656989968
3,145,1,0.0,1.2253120178010901,0.8775204069205468,0.35801200431375296
3,146,1,0.0,1.2253120178010901,0.8590815633941297,0.3494952494756736
3,147,1,0.0,1.2253120178010901,0.8999047123239067,0.3350235967346659
3,148,1,0.0,1.2253120178010901,0.8313087488440095,0.3884534199890266
3,149,1,0.0,1.2253120178010901,0.8340882887676826,0.3671331021082475
3,150,1,0.0,1.2253120178010901,0.8498264904116011,0.346017966029926
3,151,1,0.0,1.2253120178010901,1.0003201345704584,0.2499389233907903
3,152,1,0.0,1.2253120178010901,0.9787539605077255,0.30105323513958643
3,153,1,0.0,1.2253120178010901,0.8896078939555389,0.3012352106514241
3,154,1,0.0,1.2253120178010901,0.8812188423280962,0.3313747805304665
3,155,1,0.0,1.2253120178010901,0.9081671831471159,0.3060698556891901
3,156,1,0.0,1.2266737191694221,0.9573668270449384,0.2899985913800755
3,157,1,0.0,1.2253120178010901,0.9235277609562459,0.3506927177868207
3,158,1,0.0,1.2235814622101766,0.9337734488042064,0.29877702087508673
3,159,1,0.0,1.220326027331556,0.8418406062605033,0.35359841406180964
3,160,1,0.0,1.220326027331556,0.9331566412706112,0.29039523053795746
3,161,1,0.0,1.2230043015588694,0.896862380840906,0.3006643461827712
3,162,1,0.0,1.2230043015588694,0.8663483740701472,0.3071408668894634
3,163,1,0.0,1.2291531581304616,0.9393587092900862,0.29337345057893693
3,164,1,0.0,1.2291531581304616,0.9328197337991966,0.3173427627870328
3,165,1,0.0,1.233894088043595,0.8665019597969684,0.34678452148972555
3,166,1,0.0,1.2285593741216272,0.9218274992856751,0.32910648775005547
3,167,1,0.0,1.230754855025145,0.9219402691223121,0.3243839407717834
3,168,1,0.0,1.230754855025145,0.9152250165658152,0.32700707767599824
3,169,1,0.0,1.230754855025145,0.8839274658563326,0.33512187787023384
3,170,1,0.0,1.230754855025145,0.9061776514574692,0.34991170621695217
3,171,1,0.0,1.2334441732782015,0.913843602751776,0.31899774736364517
3,172,1,0.0,1.2300199347555991,0.930361694584842,0.33570305551137547
3,173,1,0.0,1.2300199347555991,0.8816853412585042,0.3383382993589877
3,174,1,0.0,1.2300199347555991,0.8210881918096792,0.3126638352246331
3,175,1,0.0,1.2300199347555991,0.9255686350032244,0.33913405022141396
3,176,1,0.0,1.2300199347555991,0.9049959818240794,0.33444806641595903
3,177,1,0.0,1.2300199347555991,0.9203809044634241,0.2882283713212453
3,178,1,0.0,1.2300199347555991,0.9485518338352688,0.3388129279174283
3,179,1,0.0,1.2322234584958953,0.8829146406725735,0.32729733480639517
3,180,1,0.0,1.2322234584958953,0.9135151122305836,0.3552796164521195
3,181,1,0.0,1.2322234584958953,1.0323538449456562,0.2634168541404412
3,182,1,0.0,1.2322234584958953,0.9121657235723392,0.3574650362820676
3,183,1,0.0,1.2322234584958953,0.9093699644024406,0.3328639053286808
3,184,1,0.0,1.2372762488439317,1.0156387174927806,0.30831329206693336
3,185,1,0.0,1.2372762488439317,0.874609306848026,0.3293824676337781
3,186,1,0.0,1.2384351188920881,0.9898963749157446,0.2922610315038775
3,187,1,0.0,1.2372762488439317,0.9827128028531109,0.3292359956846953
3,188,1,0.0,1.2403494044009142,1.0629242939764902,0.22900042589750344
3,189,1,0.0,1.2403494044009142,0.9753465145766079,0.31882440427572434
3,190,1,0.0,1.2403494044009142,0.9908206020698826,0.3442346854296052
3,191,1,0.0,1.2403494044009142,1.0063519410108266,0.32097604706386823
3,192,1,0.0,1.2403494044009142,0.9947645378014791,0.3229193029689251
3,193,1,0.0,1.2403494044009142,0.8863076980434057,0.3548599647708618
3,194,1,0.0,1.2403494044009142,0.8832910592234634,0.33406914467584087
3,195,1,0.0,1.2403494044009142,0.8945047911615787,0.33509504563468967
3,196,1,0.0,1.2403494044009142,0.9852779654039561,0.3280948784008301
3,197,1,0.0,1.2403494044009142,0.939683875698722,0.31914915393234294
3,198,1,0.0,1.2403494044009142,0.9073941218858803,0.36395776507822836
3,199,1,0.0,1.2426235062076088,0.8947217377664343,0.3486476111317475
3,200,1,0.0,1.2426235062076088,0.9678715354265561,0.2925259538027065
3,201,1,0.0,1.2420881339647212,0.9519428056207779,0.3334728148812886
3,202,1,0.0,1.2420881339647212,0.9992306054327431,0.30179198363175774
3,203,1,0.0,1.2420881339647212,0.8916677018241607,0.3507544050034026
3,204,1,0.0,1.2434250179000013,0.9402440750674561,0.2993981895686517
3,205,1,0.0,1.2420881339647212,1.0351051674307847,0.28368932074848674
3,206,1,0.0,1.2425715908710206,0.8977224315790955,0.36239225595038504
3,207,1,0.0,1.2420881339647212,1.007288044200637,0.2539907671787205
3,208,1,0.0,1.2420881339647212,1.0252274552007585,0.27766695712161693
3,209,1,0.0,1.2420881339647212,0.9926361907205553,0.26910817883148314
3,210,1,0.0,1.247569178227734,0.974188010471432,0.2956100822496127
3,211,1,0.0,1.247569178227734,0.8979842733550389,0.302033362289541
3,212,1,0.0,1.247569178227734,0.9438198102759541,0.3517356039497995
3,213,1,0.0,1.2464065491368868,0.8930120873878149,0.32092445922413365
3,214,1,0.0,1.2452743942109923,0.8845510980382025,0.324574781396511
3,215,1,0.0,1.2553946691484859,0.944035517135805,0.28137594930393384
3,216,1,0.0,1.2553946691484859,0.9126815946104524,0.3646291338192139
3,217,1,0.0,1.2553946691484859,1.0149682710721115,0.3142354109398871
3,218,1,0.0,1.2553946691484859,0.9117565060715356,0.3349706797969834
3,219,1,0.0,1.2575697420745022,1.0458685048070067,0.2981551876754561
3,220,1,0.0,1.2575697420745022,1.018128069498926,0.29176832876113845
3,221,1,0.0,1.2575697420745022,0.8111339919533892,0.35811786151620834
3,222,1,0.0,1.2575697420745022,0.8935460740716554,0.3528090215790057
3,223,1,0.0,1.2575697420745022,0.9069896931619921,0.3186626916410952
3,224,1,0.0,1.2633526832280813,0.949068498372603,0.3611858904345004
3,225,1,0.0,1.2647098823180936,0.8545030155501826,0.35272545103396585
3,226,1,0.0,1.2696032597298308,0.9317223390844466,0.29656734174473526
3,227,1,0.0,1.2633526832280813,0.8980402121250477,0.3910405948138792
3,228,1,0.0,1.2633526832280813,0.881877395679438,0.30138572584094997
3,229,1,0.0,1.2606648418575088,0.884306907323167,0.35951710440756707
3,230,1,0.0,1.2606648418575088,0.9377864121810638,0.34697839488722587
3,231,1,0.0,1.2606648418575088,0.9255424984339,0.35438724425577683
3,232,1,0.0,1.2643529251419026,0.9494115237134637,0.3844566324567519
3,233,1,0.0,1.2643529251419026,1.025299743613898,0.2989891329897204
3,234,1,0.0,1.2653264694854647,0.9301248034006586,0.36129998754466525
3,235,1,0.0,1.2653264694854647,0.7714325829890324,0.38727283443078
3,236,1,0.0,1.2676290350295247,0.8563072901817335,0.3403576352116959
3,237,1,0.0,1.2642915815101383,0.8847129415931807,0.3662444533396907
3,238,1,0.0,1.2643529251419026,0.9644779400566269,0.3605332794869726
3,239,1,0.0,1.2614547367146343,0.8369658867898501,0.39055072544196073
3,240,1,0.0,1.2628040615066007,0.7679232233682215,0.32700967953117555
3,241,1,0.0,1.2594312457665944,0.7995779123331674,0.34050202225745246
3,242,1,0.0,1.259921943761897,0.9160415404844119,0.3024633333903246
3,243,1,0.0,1.257472350892948,1.0224479098936103,0.291151835731679
3,244,1,0.0,1.2589105441940636,0.8311537559302412,0.398224067543208
3,245,1,0.0,1.2589105441940636,1.0157181810282385,0.3382928387292241
3,246,1,0.0,1.2589105441940636,0.9074398813311475,0.34433510221085034
3,247,1,0.0,1.256706341806981,0.969465338818383,0.354076011002704
3,248,1,0.0,1.257210100315505,1.0196505202000328,0.2991171106416795
3,249,1,0.0,1.257210100315505,1.0003276451166956,0.33784526809658655
3,250,1,0.0,1.2592622461239162,1.001807264761801,0.3610250200790483
3,251,1,0.0,1.2608784842992802,0.8635264599565218,0.3670289776404754
4,0,1,0.0,-0.010399999294193912,-0.01039999929419391,1.734723475976807e-18
4,1,1,0.0,-0.010332999293255223,-0.010411078058525985,6.0628931975666294e-05
4,2,1,0.0,-0.010294044265770628,-0.010390412013433405,5.899706831898826e-05
4,3,1,0.0,-0.010282749292963394,-0.010381345151968868,7.316409101601458e-05
4,4,1,0.0,-0.010258512144389819,-0.010358285208443183,6.527109136365414e-05
4,5,1,0.0,-0.010258512144389819,-0.0103225489043526,5.498119315721788e-05
4,6,1,0.0,0.00516914131572427,-0.010015311186444211,0.0021703777017459923
4,7,1,0.0,0.031757057216060224,-0.00871604673706527,0.006936665725278951
4,8,1,0.0,0.031757057216060224,-0.006346077985545883,0.00898918552868657
4,9,1,0.0,0.03885506742582897,-0.001073638431506132,0.015016668354585844
4,10,1,0.0,0.07757349809976861,0.011612137918511935,0.02342011043646126
4,11,1,0.0,0.10729741720079423,0.027249343770071086,0.0259851785240497
4,12,1,0.0,0.14616559819414118,0.043525058376703445,0.039815686094156054
4,13,1,0.0,0.1479705703047284,0.05729070904526898,0.04089384924005558
4,14,1,0.0,0.21651995016893105,0.09555299071003441,0.06000800978170339
4,15,1,0.0,0.34145241090445444,0.12566845984842215,0.08290622118757414
4,16,1,0.0,0.41144949960121574,0.1493308493054763,0.0724135062578563
4,17,1,0.0,0.41144949960121574,0.17365946755139455,0.08200572823036364
4,18,1,0.0,0.41144949960121574,0.19759179990945117,0.10146255659513707
4,19,1,0.0,0.3699246946692495,0.21756973380056585,0.10067180352567918
4,20,1,0.0,0.44004066919812557,0.24153678821898453,0.10771843940037507
4,21,1,0.0,0.5353178260547512,0.26223070381679414,0.13003531411193964
4,22,1,0.0,0.5353178260547512,0.3530886231585353,0.10665730717150096
4,23,1,0.0,0.5511427054876173,0.3520828748157773,0.1527901827357294
4,24,1,0.0,0.6547780637514122,0.36417428958596226,0.14797071017777724
4,25,1,0.0,0.6547780637514122,0.37922797578936945,0.1631785426831183
4,26,1,0.0,0.6547780637514122,0.39539742162055547,0.16737758700274089
4,27,1,0.0,0.6547780637514122,0.3722730243241908,0.1760194510426993
4,28,1,0.0,0.7305190812223038,0.4359763433542061,0.16918223593396792
4,29,1,0.0,0.7900957646803465,0.4426523586751479,0.1987512605526814
4,30,1,0.0,0.8040691365578968,0.4991375624163094,0.19722127052953464
4,31,1,0.0,0.8046280660891654,0.5579678673023404,0.15615808260803646
4,32,1,0.0,0.895774091979199,0.47937711473170097,0.1872989645487491
4,33,1,0.0,0.895774091979199,0.548081970328178,0.1907250611560246
4,34,1,0.0,0.9088383083725694,0.5623624558615541,0.24462368125571715
4,35,1,0.0,0.9088383083725694,0.5576402014538315,0.2735784836582895
4,36,1,0.0,0.9230022186645666,0.5540485358359369,0.2695172185913322
4,37,1,0.0,0.9230022186645666,0.4886139293635743,0.25126313263985645
4,38,1,0.0,0.9288383962931958,0.5019722391510644,0.2680285521738315
4,39,1,0.0,0.9288383962931958,0.6004790392116821,0.2536420096993304
4,40,1,0.0,0.914587015686295,0.48065990509495793,0.2628434892622933
4,41,1,0.0,0.9088383083725694,0.44998773803300646,0.2399549961850729
4,42,1,0.0,0.9092256424040239,0.47882530834081505,0.2551476496436989
4,43,1,0.0,0.9092256424040239,0.5368642875362415,0.22530418692855497
4,44,1,0.0,0.9217812337773971,0.5950670264864542,0.24889140734674559
4,45,1,0.0,0.9217812337773971,0.5809057965790262,0.2676383922443169
4,46,1,0.0,0.9217812337773971,0.6414288001129761,0.23576143414356582
4,47,1,0.0,0.9217812337773971,0.5820053126457321,0.268878969151621
4,48,1,0.0,0.9217812337773971,0.5065241036070074,0.2616969310118109
4,49,1,0.0,0.9201678653583163,0.5333913266803663,0.289168347929678
4,50,1,0.0,0.9221007352632793,0.6225995538102508,0.27640934747298657
4,51,1,0.0,0.9221007352632793,0.6277276853886743,0.28694772610026614
4,52,1,0.0,0.9220054669101259,0.5808342507844639,0.2997360377422805
4,53,1,0.0,0.9220054669101259,0.5547076396143985,0.3193815910731007
4,54,1,0.0,0.9220054669101259,0.6157563461539681,0.27513377271797335
4,55,1,0.0,0.9220054669101253,0.5900325907288542,0.242067121963832
4,56,1,0.0,0.9128717267213464,0.6509850644814069,0.24466231473844374
4,57,1,0.0,0.9599994362682935,0.5509686292731969,0.31328168838840864
4,58,1,0.0,0.9599994362682935,0.5993922833633597,0.28504162055383725
4,59,1,0.0,0.9599994362682935,0.5950080476842361,0.2947993952277547
4,60,1,0.0,0.9599994362682935,0.5698943465856181,0.2714861255482853
4,61,1,0.0,0.9599995595628765,0.59809503136848,0.27749702613799415
4,62,1,0.0,0.9601239961208637,0.6562338671907157,0.2845969947431693
4,63,1,0.0,0.9601239961208637,0.6114706518632634,0.2627123323817772
4,64,1,0.0,0.9601239961208637,0.600667050682046,0.3076633232657439
4,65,1,0.0,0.9602477163710605,0.5589732307927328,0.297259245165828
4,66,1,0.0,0.9658295912828944,0.6456154370865089,0.27059752060651404
4,67,1,0.0,0.9658295912828958,0.6410575073748416,0.28222580348237136
4,68,1,0.0,0.965740679770914,0.6604625998536318,0.2753892346406298
4,69,1,0.0,0.9790628425701685,0.6251569595142653,0.2993708878684535
4,70,1,0.0,0.9691072172600241,0.597929679771048,0.26076611486346446
4,71,1,0.0,0.9691072172600241,0.6574163015920247,0.298223839223219
4,72,1,0.0,0.9720582985807369,0.6090164942418355,0.3053116138989445
4,73,1,0.0,0.9720582985807369,0.6543835814548377,0.29265435236359727
4,74,1,0.0,0.9695493973363547,0.5903969582181203,0.3101617198072776
4,75,1,0.0,0.9695493973363547,0.6276726000885549,0.290839328371181
4,76,1,0.0,0.9695493973363547,0.6514672004521173,0.27056967185197667
4,77,1,0.0,1.0126681643745803,0.6507770068314632,0.2845596579652644
4,78,1,0.0,1.0126681643745803,0.614392512727597,0.32923516418399906
4,79,1,0.0,1.0126681643745807,0.6927037503003259,0.2530035601735309
4,80,1,0.0,1.0126681643745807,0.7202070960610922,0.2720307619488631
4,81,1,0.0,1.0126681643745807,0.6844120717673882,0.31662950984806504
4,82,1,0.0,1.0126681643745823,0.6432516865478755,0.3434171892497619
4,83,1,0.0,1.012742643946474,0.6920562275077967,0.31404065165117734
4,84,1,0.0,1.012742643946474,0.6876809322352545,0.3342716920692362
4,85,1,0.0,1.012742643946474,0.6571259088753013,0.351949045305395
4,86,1,0.0,1.0409427400127935,0.6648169690296427,0.30783785354429705
4,87,1,0.0,1.0187172901263937,0.716815960770001,0.32253019768248986
4,88,1,0.0,1.0187172901263937,0.6792886551534836,0.31695788370836014
4,89,1,0.0,1.0187172901263937,0.7621183360503827,0.28114614424268025
4,90,1,0.0,1.0189179288928976,0.8110702604261697,0.27198585433027633
4,91,1,0.0,1.0222794388086356,0.7057591534438155,0.2989818332559388
4,92,1,0.0,1.0228583123782113,0.7167112815054338,0.31002554307618924
4,93,1,0.0,1.0228583123782113,0.6432461880653213,0.3084130470600243
4,94,1,0.0,1.0231264192682297,0.6649910329646861,0.2955016474073194
4,95,1,0.0,1.0229469951380044,0.731690512514104,0.31487954046833166
4,96,1,0.0,1.0228583123782116,0.7155215609589256,0.30803739608578073
4,97,1,0.0,1.0404344909960763,0.6481010576715184,0.30547032704569305
4,98,1,0.0,1.0402921439541206,0.5717753056569268,0.28744783860904555
4,99,1,0.0,1.025182749783868,0.6617765736146894,0.25564896418370203
4,100,1,0.0,1.0425294275653458,0.7294760241515312,0.28129256856695894
4,101,1,0.0,1.0425419659376247,0.6785602256447035,0.30585411095494436
4,102,1,0.0,1.0427078763201385,0.7116088229304144,0.3118653018600881
4,103,1,0.0,1.044449262802418,0.6966494932111503,0.35380919639171077
4,104,1,0.0,1.044478194197657,0.6957406744596727,0.35523307032623486
4,105,1,0.0,1.044869182949101,0.7263144488440183,0.3016100532339873
4,106,1,0.0,1.044478194197657,0.686360363274656,0.3396489692938045
4,107,1,0.0,1.044478194197657,0.634187836414872,0.30326088089553127
4,108,1,0.0,1.0447791373124669,0.6767456666136639,0.33819326008705836
4,109,1,0.0,1.0447791373124669,0.7610036114937054,0.32079369119349466
4,110,1,0.0,1.0657025878287727,0.6320408735482325,0.3143268294514242
4,111,1,0.0,1.0657025878287727,0.6596735777246107,0.33242469799823654
4,112,1,0.0,1.0657489327420893,0.7111323854309417,0.3266939052174405
4,113,1,0.0,1.065827471164099,0.7675180688444293,0.32313555050757103
4,114,1,0.0,1.065827471164099,0.7085989206581155,0.32313936943855004
4,115,1,0.0,1.072467577551525,0.7044139508165463,0.2936838791357391
4,116,1,0.0,1.072467577551525,0.8022024758246947,0.2974717484863948
4,117,1,0.0,1.0788909089111305,0.7657053821295365,0.31070576471275474
4,118,1,0.0,1.078890908911131,0.7206911417596493,0.3189419094687946
4,119,1,0.0,1.078890908911131,0.659488906795094,0.33472660974335644
4,120,1,0.0,1.078890908911131,0.612903702099624,0.3210053538012822
4,121,1,0.0,1.078890908911131,0.6837312977413769,0.3079836857402874
4,122,1,0.0,1.0788912418545344,0.6158353298757314,0.3421433981075647
4,123,1,0.0,1.0788912418545344,0.7390665336812802,0.34485838844111044
4,124,1,0.0,1.0788912418545344,0.7005323992360468,0.3500858624180642
4,125,1,0.0,1.079112537292021,0.7183930634826842,0.3079515255601678
4,126,1,0.0,1.0795272123576911,0.767703975147718,0.31991358240335876
4,127,1,0.0,1.1310195044542384,0.6990755431524428,0.33541499919242945
4,128,1,0.0,1.1321069910503265,0.7331700224267027,0.32426273340327555
4,129,1,0.0,1.1321069910503265,0.7968709051069376,0.35229517042856023
4,130,1,0.0,1.1409810076791902,0.6759845918558394,0.34354042646090727
4,131,1,0.0,1.1409810076791902,0.7470392596225989,0.34266379504841116
4,132,1,0.0,1.1409810076791902,0.6644505162933353,0.3347751538432647
4,133,1,0.0,1.1409810076791902,0.7553962819900584,0.3318518240099619
4,134,1,0.0,1.1409810076791902,0.6752198720033838,0.3644580310996439
4,135,1,0.0,1.1409810076791902,0.7346332586242483,0.34342843260144024
4,136,1,0.0,1.1411734863548713,0.725244143727075,0.3688383059850473
4,137,1,0.0,1.1411734863548713,0.6909766591696876,0.35113308795171794
4,138,1,0.0,1.1411734863548713,0.743961829290264,0.370339961246188
4,139,1,0.0,1.1411734863548713,0.7435328626716682,0.3235315857809229
4,140,1,0.0,1.1411907592203347,0.6487906997956651,0.38138632227454045
4,141,1,0.0,1.1411907592203347,0.7270704183651826,0.4005244367400435
4,142,1,0.0,1.1411907592203347,0.7083528647556896,0.3703779916039981
4,143,1,0.0,1.1411907592203347,0.6790579026019136,0.4188792455368405
4,144,1,0.0,1.1411907592203347,0.7635779497707301,0.32151694376579393
4,145,1,0.0,1.1411907592203347,0.692774011106419,0.37425382849111144
4,146,1,0.0,1.143269791747112,0.7388002303007424,0.3262052021003195
4,147,1,0.0,1.1428406793539476,0.7048626678899507,0.35062473429950614
4,148,1,0.0,1.1433600415602776,0.6879699534048526,0.3557216039416924
4,149,1,0.0,1.1433600415602776,0.8146243231620942,0.3039289699778349
4,150,1,0.0,1.1435446887634497,0.7043157005391784,0.38922494897271476
4,151,1,0.0,1.1435446887634497,0.7811839359541488,0.33161680619794004
4,152,1,0.0,1.1439501126388765,0.7642391224269055,0.3800679941259353
4,153,1,0.0,1.1439501126388765,0.7076952333612959,0.35846386051390516
4,154,1,0.0,1.1435446887634468,0.6723996837265802,0.36130930996363414
4,155,1,0.0,1.1439957243890635,0.6622720315933904,0.3361879108747954
4,156,1,0.0,1.1439957243890635,0.6643130380030542,0.3471921564648925
4,157,1,0.0,1.1439957243890637,0.588502327777336,0.3303292578101437
4,158,1,0.0,1.1439957243890637,0.7658103051325089,0.31410272024344793
4,159,1,0.0,1.1439957243890637,0.7656105907774403,0.32749910865298837
4,160,1,0.0,1.1439957243890637,0.6503122289799179,0.3733054909277801
4,161,1,0.0,1.1439919511483858,0.7171751218817,0.3677100862243092
4,162,1,0.0,1.1439957243890637,0.8157680452656606,0.3427953013612897
4,163,1,0.0,1.1439958547771114,0.822568085149569,0.31183162152084437
4,164,1,0.0,1.1439958547771114,0.6929357123971025,0.41315254916660954
4,165,1,0.0,1.1439958547771114,0.8053636060833406,0.31757200260481105
4,166,1,0.0,1.1439958547771114,0.711150667797108,0.37335355485041766
4,167,1,0.0,1.1439958547771114,0.751240461080404,0.3544883294152542
4,168,1,0.0,1.1439958547771114,0.8088930040538492,0.38787322751439157
4,169,1,0.0,1.1439958547771114,0.755233635956352,0.3714822527690679
4,170,1,0.0,1.1439958547771114,0.8876326133669222,0.3549383419912037
4,171,1,0.0,1.1439958547771114,0.9404494667292885,0.23660279515392701
4,172,1,0.0,1.1439958547771114,0.8425981386862192,0.33004336171267257
4,173,1,0.0,1.1439958547771114,0.747625487843275,0.34872392229786175
4,174,1,0.0,1.1439958547771114,0.8705905852595903,0.3247820696933071
4,175,1,0.0,1.1439958547771114,0.8133831925715083,0.3686027656913373
4,176,1,0.0,1.1439958547771114,0.8028673586620408,0.3545830621512681
4,177,1,0.0,1.1439958547771114,0.7731452916791548,0.351190662409615
4,178,1,0.0,1.1439958547771114,0.7456310503219513,0.35108837190374925
4,179,1,0.0,1.1439958547771114,0.7938848202484344,0.3658872343751386
4,180,1,0.0,1.1439958547771114,0.6918957760720444,0.3764546210360272
4,181,1,0.0,1.1439958547771114,0.746151128350136,0.35686448112440744
4,182,1,0.0,1.1439958547771114,0.7542481598426936,0.3680552108471662
4,183,1,0.0,1.1439958547771114,0.7363213911508808,0.38773166722545327
4,184,1,0.0,1.1439958547771114,0.7903530141770324,0.3742423139036009
4,185,1,0.0,1.1462006948053969,0.7741027361759903,0.37876830755840246
4,186,1,0.0,1.1462006948053969,0.8771877716356513,0.29980175274456955
4,187,1,0.0,1.1462006948053969,0.6236758052764007,0.41173466440565815
4,188,1,0.0,1.1462006948053969,0.7332667497737526,0.33630866961445866
4,189,1,0.0,1.1462006948053969,0.6459095442554315,0.3333837025065173
4,190,1,0.0,1.1457559174824448,0.7228738673606986,0.31888442320730404
4,191,1,0.0,1.1462006948053969,0.7419907486655642,0.3603437544812312
4,192,1,0.0,1.1457559174824448,0.7008451249927509,0.34377459592944715
4,193,1,0.0,1.1439957243890637,0.6445915994319334,0.38111085858065985
4,194,1,0.0,1.1439785910436353,0.7149143046603862,0.387201029028159
4,195,1,0.0,1.1439785910436353,0.7063897964464242,0.35213681050272533
4,196,1,0.0,1.1439785910436355,0.6720096852392647,0.3708848343307969
4,197,1,0.0,1.1439957243890637,0.7518726014961135,0.3628926869604107
4,198,1,0.0,1.1439957243890637,0.6459804805364376,0.3712393407434778
4,199,1,0.0,1.1439958547771114,0.6942047845239346,0.36370478711088955
4,200,1,0.0,1.1462006948053969,0.7073945524261793,0.36847129545986024
4,201,1,0.0,1.1459096549399945,0.7273215377404921,0.3644916113322272
4,202,1,0.0,1.1459096549399945,0.6090454651588438,0.3739489169008532
4,203,1,0.0,1.1459096549399945,0.7160538531031696,0.32674909228622534
4,204,1,0.0,1.1474285655384695,0.7388787796506618,0.3700557570305606
4,205,1,0.0,1.1474285655384695,0.7867946726656673,0.3445900404037332
4,206,1,0.0,1.1474285655384695,0.7456243261715213,0.36152315328587714
4,207,1,0.0,1.1474285655384722,0.6863048379097253,0.3557615378458738
4,208,1,0.0,1.157475942204407,0.7440472659156925,0.35471304108332274
4,209,1,0.0,1.1561348533560951,0.718170287410013,0.3478563911527116
4,210,1,0.0,1.1576196024193037,0.7933985778883087,0.3294723394781892
4,211,1,0.0,1.158255965694164,0.5965483731020673,0.37570108063145197
4,212,1,0.0,1.158255965694164,0.7625681024623824,0.38079657200165357
4,213,1,0.0,1.1584973476015263,0.7356545576793801,0.3214578382987938
4,214,1,0.0,1.1585651045617507,0.7061464993153703,0.37162987845129913
4,215,1,0.0,1.1585651045617507,0.6690949614442746,0.37717302844024636
4,216,1,0.0,1.1585651045617515,0.8448508359245583,0.3104158111731669
4,217,1,0.0,1.1586121023453488,0.7609832729550778,0.36916058294671666
4,218,1,0.0,1.1585921156779064,0.6962148317363392,0.3895164848639587
4,219,1,0.0,1.1585921156779064,0.756113617676329,0.3554190910968502
4,220,1,0.0,1.1586259030549073,0.8294336595329608,0.319969488182294
4,221,1,0.0,1.1586093848521666,0.6690388498036397,0.3894234152863376
4,222,1,0.0,1.1586093848521666,0.8144219244569699,0.3562198892195669
4,223,1,0.0,1.1586093848521666,0.7273153236496248,0.3882730008806003
4,224,1,0.0,1.1592614396495782,0.8175284143513993,0.3117710381284446
4,225,1,0.0,1.1592614396495782,0.8082332192428318,0.3476459608355844
4,226,1,0.0,1.1592614396495853,0.763104718928683,0.37796555994550735
4,227,1,0.0,1.1592614396495853,0.8348303321741772,0.37647090924180926
4,228,1,0.0,1.1592614396495853,0.816095319817991,0.35726288717083604
4,229,1,0.0,1.165804794264354,0.7114142512967739,0.3603574480909984
4,230,1,0.0,1.165804794264354,0.706373738709366,0.3616917601204231
4,231,1,0.0,1.165804794264354,0.7634526407706757,0.3560573410577206
4,232,1,0.0,1.1658067100639125,0.7362404436188007,0.4160893827819925
4,233,1,0.0,1.1658067100639125,0.9541428719500264,0.27725780544627693
4,234,1,0.0,1.1658047942643555,0.8299757549113026,0.3365930239642142
4,235,1,0.0,1.1658047942643555,0.7250379376824724,0.365579776532084
4,236,1,0.0,1.1658047942643555,0.7416117270870851,0.38646284149492866
4,237,1,0.0,1.1658132510990757,0.8026102832703496,0.38563332165391984
4,238,1,0.0,1.1658132510990757,0.7724119062446351,0.3737605800131072
4,239,1,0.0,1.1658132510990757,0.8289810475528208,0.3598421606021383
4,240,1,0.0,1.1658132510990757,0.7779965285994114,0.3450383968348313
4,241,1,0.0,1.1658064159901036,0.8006936809519563,0.33762679447511607
4,242,1,0.0,1.1658064159901036,0.6909070022259332,0.37135595817980943
4,243,1,0.0,1.1658061166264158,0.650915581251553,0.3778478626747846
4,244,1,0.0,1.1658061166264158,0.7010104873802907,0.35775807714594704
4,245,1,0.0,1.1658061166264158,0.6924851122733466,0.3391757072283925
4,246,1,0.0,1.1658061166264158,0.6661619127822136,0.3366286066168365
4,247,1,0.0,1.1658061166264158,0.6885283625243702,0.3713431166962787
4,248,1,0.0,1.1658061166264158,0.7103824349540757,0.3634704895816044
4,249,1,0.0,1.1658061836089217,0.5976496591701398,0.3271546721930736
4,250,1,0.0,1.1658135188459882,0.6760076137713408,0.2960115989236249
4,251,1,0.0,1.1658135188459882,0.704832832534195,0.3678928087420365
4,252,1,0.0,1.1658135188459882,0.781982238565658,0.3819515291982659
4,253,1,0.0,1.1658135188459882,0.7640744414571954,0.41030196998324553
4,254,1,0.0,1.1658141182209019,0.6995792685869775,0.351645223492794
4,255,1,0.0,1.1658141182209019,0.7329137994859021,0.3833357839182656
4,256,1,0.0,1.1686523889706917,0.7829247292547481,0.3845893488227285
4,257,1,0.0,1.1658141182209019,0.8621635394077437,0.3302637748340708
4,258,1,0.0,1.1658141182209019,0.7910051633594986,0.36550778358540587
4,259,1,0.0,1.1658141182209019,0.6829074570200008,0.3707442546584911
4,260,1,0.0,1.1658141182209032,0.7832165619285661,0.3598884503363678
4,261,1,0.0,1.1658141182209032,0.7619702997136776,0.34735696051625997
4,262,1,0.0,1.1695087681565368,0.7508676205952535,0.395237976648421
4,263,1,0.0,1.1695087681565368,0.8263614474162395,0.3658145160753374
4,264,1,0.0,1.1695087681565368,0.7151666669922497,0.40435966651404986
4,265,1,0.0,1.1695087681565368,0.6677162483331283,0.38942876900523693
4,266,1,0.0,1.1658142780588134,0.6560433270808805,0.343962007360787
4,267,1,0.0,1.1658142780588134,0.8250962945108761,0.33743836304886965
4,268,1,0.0,1.1658142780588134,0.8442792005229459,0.3418007559791568
4,269,1,0.0,1.1658142780588134,0.7949976295937784,0.40509253942584206
4,270,1,0.0,1.1658142780588148,0.762254894064019,0.40299813335873724
4,271,1,0.0,1.1658142780588157,0.782604732998239,0.35567642530592847
4,272,1,0.0,1.1661119828796414,0.6634681694649748,0.34167703713492276
4,273,1,0.0,1.166112150135205,0.8302115701764756,0.34452926508492115
4,274,1,0.0,1.1658142780588134,0.7826083402665901,0.3883041351979002
4,275,1,0.0,1.1658142780588134,0.6883598888215533,0.4283813864390984
4,276,1,0.0,1.1658142780588137,0.7170177641128509,0.398512315654315
4,277,1,0.0,1.1658142780588137,0.7359384142738084,0.37745040309940986
4,278,1,0.0,1.1658142780588137,0.7351412723263621,0.40601102319223586
4,279,1,0.0,1.1658142780588137,0.7101615673165641,0.3973930166013039
4,280,1,0.0,1.1658142780588137,0.7700371173244344,0.41406753420813747
4,281,1,0.0,1.1658142780588137,0.8106333871728524,0.3350391757095439
4,282,1,0.0,1.1658142780588137,0.8248895132805505,0.3663996680962783
4,283,1,0.0,1.1658142780588137,0.8683443039389864,0.34926846131256123
4,284,1,0.0,1.165814278058816,0.8205218328243865,0.415123671483194
4,285,1,0.0,1.165814278058816,0.901934626450733,0.36864624048874456
4,286,1,0.0,1.165814278058816,0.8372914081289617,0.36948390753565846
4,287,1,0.0,1.165814278058816,0.9105251206522438,0.36003458722056764
5,0,1,0.0,-0.010399999294193912,-0.01039999929419391,1.734723475976807e-18
5,1,1,0.0,-0.010332999293255223,-0.010416606519619127,4.839977725818274e-05
5,2,1,0.0,-0.010332999293255223,-0.010420155907218207,6.172477292145382e-05
5,3,1,0.0,-0.010294044265770628,-0.010401445299806961,6.913657638502147e-05
5,4,1,0.0,-0.010282749292963394,-0.010387587242292821,6.652295445619008e-05
5,5,1,0.0,-0.010282749292963394,-0.010365715467927958,7.165615452267178e-05
5,6,1,0.0,-0.009357366436479895,-0.01032858781196764,0.0001613423537641733
5,7,1,0.0,-0.009039188731337185,-0.010273300860311434,0.0002798660176294154
5,8,1,0.0,-0.009039188731337185,-0.01028211446390783,0.0002990117281012476
5,9,1,0.0,-0.008994224486866572,-0.010179239393363366,0.0004530181122170712
5,10,1,0.0,-0.008994224486866235,-0.010028314725362062,0.0005805311925693319
5,11,1,0.0,0.026987892962265322,-0.007707317215940555,0.008043237923776193
5,12,1,0.0,0.08009898256511704,-0.002962090858475601,0.017351587536122485
5,13,1,0.0,0.06621168724666839,0.00264757473618728,0.021119026932777757
5,14,1,0.0,0.10100919721727639,0.023061546699238388,0.0305428276263807
5,15,1,0.0,0.1579411467945197,0.05516088463895902,0.04037989477593746
5,16,1,0.0,0.2936592902124421,0.08280087644486146,0.05816032434216288
5,17,1,0.0,0.31637883287275753,0.10418370220925313,0.08096250915003697
5,18,1,0.0,0.3196399577128107,0.16823973587744745,0.0934994944682989
5,19,1,0.0,0.3196923622815501,0.16476283350595777,0.0929365133368311
5,20,1,0.0,0.33456463837846334,0.18059502378422365,0.08932015766341155
5,21,1,0.0,0.409519299034294,0.16445906407296146,0.1146888296950215
5,22,1,0.0,0.5298396458644273,0.22829438299240457,0.14077058170724704
5,23,1,0.0,0.7010797473540678,0.3240356976628905,0.1441481417871028
5,24,1,0.0,0.7010797473540678,0.3847907527135069,0.16634353630234938
5,25,1,0.0,0.7593919334033415,0.45612324196217857,0.19319102903085955
5,26,1,0.0,0.7593919334033415,0.4328781455584902,0.20735810747166367
5,27,1,0.0,0.7593919334033415,0.47138863705690626,0.1996856459952422
5,28,1,0.0,0.7593919334033415,0.5064326743407563,0.22803701488985906
5,29,1,0.0,0.7698048843203303,0.4458912641029994,0.224005699673508
5,30,1,0.0,0.7698048843203303,0.41759770491710846,0.2541657748857097
5,31,1,0.0,0.7698048843203303,0.40010803023067143,0.24964424837321056
5,32,1,0.0,0.7950432869490415,0.48016449712266174,0.23662133751904957
5,33,1,0.0,0.7950432869490415,0.49673431652487293,0.2149892219429373
5,34,1,0.0,0.8303344762735214,0.5111567682202882,0.2588140911250299
5,35,1,0.0,0.8658089177901891,0.48357290493530625,0.24763236254175658
5,36,1,0.0,0.9077770627576774,0.5383236312738382,0.2324091397869391
5,37,1,0.0,0.9510204788939022,0.5823495543571577,0.2578582527411819
5,38,1,0.0,0.9538148753068021,0.5843978877670601,0.2573137237159959
5,39,1,0.0,0.9234963715235955,0.5824865997838158,0.28942892071345633
5,40,1,0.0,0.9515607290204998,0.643548347862356,0.2761373933582257
5,41,1,0.0,0.9234966544699565,0.6540646227044179,0.2934651085217679
5,42,1,0.0,0.9509859256545536,0.6404761051998186,0.2934017600007218
5,43,1,0.0,0.9509859256545524,0.5560806301907241,0.32086277634032745
5,44,1,0.0,0.9538055862849151,0.5947131620803061,0.3023791988528755
5,45,1,0.0,0.9538055862849151,0.6263918432848734,0.3063367497589688
5,46,1,0.0,0.9538055862849154,0.5651341938231438,0.32461825836022173
5,47,1,0.0,0.9538055862849159,0.6013630491517334,0.3157831882735205
5,48,1,0.0,0.9538055862849159,0.6390517202591909,0.3148713500465558
5,49,1,0.0,0.9549317787521666,0.598575565297605,0.3423331315939685
5,50,1,0.0,0.9700883447632579,0.5604367087877267,0.3280122828394041
5,51,1,0.0,0.9861666594440983,0.627441193145432,0.33629099087204056
5,52,1,0.0,0.9861666594440983,0.5924499148216273,0.33242850445036054
5,53,1,0.0,0.9861666594440983,0.547778491057314,0.3326897453226595
5,54,1,0.0,1.0006820634511033,0.6409561092508863,0.33266310721929115
5,55,1,0.0,1.0006820634511033,0.5791716900681667,0.35101794177294315
5,56,1,0.0,0.9861666594440983,0.6337206064444512,0.33548983286635786
5,57,1,0.0,0.9861666594440983,0.593851857158861,0.36366155701240893
5,58,1,0.0,0.9861666594440983,0.6141282317746815,0.34648658760713896
5,59,1,0.0,1.059714849014013,0.6417940813930408,0.36017466680347593
5,60,1,0.0,1.059714849014013,0.6668220811405946,0.3395129658310213
5,61,1,0.0,1.059714849014013,0.6266992207240709,0.37629611828531506
5,62,1,0.0,1.0461118253352317,0.5334229178373305,0.3561329319969841
5,63,1,0.0,1.0590642605530767,0.6393902493165095,0.3369226380606426
5,64,1,0.0,1.0732243860132735,0.6494580620059512,0.3609163000287208
5,65,1,0.0,1.1133631684109049,0.6211057158700914,0.3685517611830268
5,66,1,0.0,1.1133631684109049,0.7487194291941408,0.381397393572606
5,67,1,0.0,1.1133638116412394,0.6511651508112515,0.37594655392412746
5,68,1,0.0,1.1133638116412394,0.6558066037249074,0.3768212473806795
5,69,1,0.0,1.1133656133153116,0.6751431803283131,0.3712419013380708
5,70,1,0.0,1.1133638116412394,0.6588247943172358,0.3844010170991488
5,71,1,0.0,1.153014089684616,0.616901854349146,0.40363380380324165
5,72,1,0.0,1.153014089684616,0.7009325043071196,0.39094755906986994
5,73,1,0.0,1.153014089684616,0.7697225670798212,0.37568649442050783
5,74,1,0.0,1.153014089684616,0.609077325391169,0.3892554839676327
5,75,1,0.0,1.153014089684616,0.7061052932883445,0.3685262552731815
5,76,1,0.0,1.153014089684616,0.6716388674191108,0.3839951099047039
5,77,1,0.0,1.153014089684616,0.7973227275880959,0.3649058677198599
5,78,1,0.0,1.1530153899700002,0.7154375331770094,0.39550377358458766
5,79,1,0.0,1.153014089684616,0.7733627136522846,0.36093398922373165
5,80,1,0.0,1.183940481527643,0.7525532514505526,0.4014889990345612
5,81,1,0.0,1.1835688140903544,0.6386775309929821,0.40054247983870006
5,82,1,0.0,1.1835688140903544,0.7112803314658832,0.36776017914036907
5,83,1,0.0,1.1835688140903544,0.7470191963574648,0.37059346425893275
5,84,1,0.0,1.1835688140903544,0.7027879450346061,0.4170824710450959
5,85,1,0.0,1.2021879000342302,0.7413365741609971,0.4355022427756265
5,86,1,0.0,1.2051479743279443,0.8245851089562177,0.3767949505431672
5,87,1,0.0,1.2142489519573634,0.7465938831011626,0.4302455763549231
5,88,1,0.0,1.2142489519573634,0.7314252508358295,0.43039356306057935
5,89,1,0.0,1.2142489519573634,0.8389482376481672,0.40691613751062816
5,90,1,0.0,1.2142503950621815,0.7901850973654614,0.41933639765432784
5,91,1,0.0,1.2142503950621815,0.7047086910010099,0.44156769794456247
5,92,1,0.0,1.2142489519573634,0.7405260593243602,0.4126427187173261
5,93,1,0.0,1.215174379879292,0.8007016231983114,0.40469980687676393
5,94,1,0.0,1.215174379879292,0.8080597107437271,0.43538866713457725
5,95,1,0.0,1.215174379879292,0.8489255877873161,0.431114096587227
5,96,1,0.0,1.215174385279129,0.8197037420503628,0.4273904830594339
5,97,1,0.0,1.2187535700727383,0.8477045925601684,0.43348744471332323
5,98,1,0.0,1.2187535700727383,0.777059447882769,0.42850973797181374
5,99,1,0.0,1.2187535700727385,0.848588240205115,0.4263472868108872
5,100,1,0.0,1.2271385339358902,0.9399801666558406,0.38103037562973713
5,101,1,0.0,1.2239281553325627,0.8707897782542403,0.42395414036654255
5,102,1,0.0,1.222052995227895,0.8703782826772877,0.4054682070395448
5,103,1,0.0,1.222052995227895,0.8150457734179841,0.4290242345002269
5,104,1,0.0,1.2367563984038548,0.8317490466400045,0.45193370237139147
5,105,1,0.0,1.2367563984038548,0.6796095019712973,0.4415619393618606
5,106,1,0.0,1.2367563984038548,0.7351398360032059,0.45261100581081903
5,107,1,0.0,1.2367563984038548,0.8743365804911258,0.4003259109922703
5,108,1,0.0,1.2367563984038548,0.6969420170816067,0.4451241997182237
5,109,1,0.0,1.2367578320401151,0.7538646611927371,0.4249056323685872
5,110,1,0.0,1.2367578320401151,0.8005924153464604,0.4237041345399947
5,111,1,0.0,1.2374671400227892,0.8114361617061693,0.46818262583995574
5,112,1,0.0,1.2374681457174617,0.7103306418333831,0.4379499704513229
5,113,1,0.0,1.2374681457174617,0.7648043352985517,0.4627101778640976
5,114,1,0.0,1.2416917625979258,0.8658693899117101,0.4092004364992576
5,115,1,0.0,1.2491303001925236,0.8288158489695046,0.4266982494212254
5,116,1,0.0,1.2416917625979258,0.7100943886031461,0.42232918199247416
5,117,1,0.0,1.247899011884471,0.8252236544794119,0.4120547242124746
5,118,1,0.0,1.241691762597926,0.8064200860549656,0.4406703275477235
5,119,1,0.0,1.2416925874956162,0.8458800439180606,0.45234887094997445
5,120,1,0.0,1.241691762597926,0.7672159245084491,0.4357564368999722
5,121,1,0.0,1.241691762597926,0.7100076759512722,0.4243097040522061
5,122,1,0.0,1.2533310186033346,0.664067974950747,0.44797936695136725
5,123,1,0.0,1.2533310186033346,0.8998170099725726,0.3889552943032672
5,124,1,0.0,1.2533310186033346,0.909417299816078,0.4325655921853132
5,125,1,0.0,1.2533310186033342,0.8552319089997897,0.46241649070085367
5,126,1,0.0,1.2533310186033342,0.8584938467015883,0.45391026557172176
5,127,1,0.0,1.2588708232920243,0.6986529011520255,0.46213464374139374
5,128,1,0.0,1.263505639512664,0.8786709939612636,0.4597213605054698
5,129,1,0.0,1.263505639512664,1.0200195069346956,0.37085819414730326
5,130,1,0.0,1.2590859005284347,0.9122340988111013,0.43968326777484734
5,131,1,0.0,1.2619826065604884,0.9087344483074337,0.4773848150022077
5,132,1,0.0,1.2619826065604884,0.9657680524526224,0.40697987487619364
5,133,1,0.0,1.2597261941593156,0.9275767739682169,0.41726650246836305
5,134,1,0.0,1.2649042918341789,0.8878373978972991,0.4088632489619914
5,135,1,0.0,1.2597261941593159,0.9015567059102046,0.4167417764375277
5,136,1,0.0,1.2597261941593159,0.9125516305754838,0.409080248709715
5,137,1,0.0,1.2609471017583203,0.8959147584372545,0.4512773407678156
5,138,1,0.0,1.2609470966665777,0.6662901879959647,0.45920478911766466
5,139,1,0.0,1.2609470966665777,0.7133603791867591,0.4520553207276373
5,140,1,0.0,1.2609470966665777,0.7888368890129175,0.41498569512516925
5,141,1,0.0,1.2639426105152944,0.8660802812038301,0.42940265597692406
5,142,1,0.0,1.2639426105152947,0.7372102018175583,0.453648551983036
5,143,1,0.0,1.2651060505620257,0.7501632079958892,0.44137783610792575
5,144,1,0.0,1.2651060505620257,0.8466816737009193,0.4328545502377441
5,145,1,0.0,1.2651060505620262,0.9177125618164421,0.42661242964175333
5,146,1,0.0,1.2651060505620262,0.8960397522973313,0.44168976413713273
5,147,1,0.0,1.2651060505620275,0.8502157189393085,0.4371325960801705
5,148,1,0.0,1.2651060505620275,0.8417896879239114,0.44651020576110984
5,149,1,0.0,1.265110786217875,0.7315524472887286,0.4086567014964172
5,150,1,0.0,1.2705766628976012,0.8225771932405396,0.44710582787008407
5,151,1,0.0,1.270728911195898,0.8746714430699413,0.39880726699485264
5,152,1,0.0,1.270728911195898,0.903283880493381,0.45658210011833567
5,153,1,0.0,1.270728911195898,0.7323909877645687,0.46557449661928685
5,154,1,0.0,1.270728911195898,0.8159961118618239,0.45088392126612475
5,155,1,0.0,1.270728911195898,0.5878241255333857,0.4167741550408463
5,156,1,0.0,1.2705766628976012,0.601586615678537,0.40967798299039465
5,157,1,0.0,1.2705747280266217,0.7414546917903059,0.4310709489514525
5,158,1,0.0,1.2705747280266202,0.6804212210522244,0.4415044445498679
5,159,1,0.0,1.2705764072896004,0.6946168100095369,0.4655264639872795
5,160,1,0.0,1.2705764072896004,0.679236043847166,0.41224101076215774
5,161,1,0.0,1.2705764072896004,0.7807369059045515,0.45540966491459367
5,162,1,0.0,1.2705764072896004,0.8386197980026621,0.4197211028115839
5,163,1,0.0,1.2705764072896004,0.8320341627713983,0.45316796977805207
5,164,1,0.0,1.2705764072896004,0.6884871364332873,0.45552322893554015
5,165,1,0.0,1.272023228586267,0.8827012938645044,0.46722478551566415
5,166,1,0.0,1.2754330777874279,0.9246070566677593,0.4403732315670139
5,167,1,0.0,1.2754331157257823,0.7939625216179012,0.44106183877558974
5,168,1,0.0,1.2723229285523585,0.8961024804273493,0.441363086188329
5,169,1,0.0,1.2723229285523585,0.6931434949161347,0.4739385611559204
5,170,1,0.0,1.2740010113333988,0.9371202057409568,0.4095646517939518
5,171,1,0.0,1.2740010113333988,0.8283456167799056,0.4699147131292597
5,172,1,0.0,1.2740010113333988,0.8019366981954691,0.44946387220511563
5,173,1,0.0,1.2740010113333988,0.9179321587373055,0.4245654247037082
5,174,1,0.0,1.2750170479394154,0.7496740569077154,0.44528317380854926
5,175,1,0.0,1.2750187029783342,0.9067939885926216,0.4323720278504286
5,176,1,0.0,1.2750187029783342,0.9342212494064679,0.4148216932087235
5,177,1,0.0,1.277422498848568,0.8189301617650222,0.4618896578878484
5,178,1,0.0,1.2750187029783344,0.823535291422739,0.45888781223384034
5,179,1,0.0,1.2750187029783344,0.8372893267795308,0.4384044704571077
5,180,1,0.0,1.2781244834409393,0.855831485095251,0.4421889942438438
5,181,1,0.0,1.2781244834409393,0.8330842106294624,0.4772183357536692
5,182,1,0.0,1.2781244834409393,0.6442114861237321,0.46262370187252594
5,183,1,0.0,1.2781244834409404,0.8364719864387848,0.46095095707260964
5,184,1,0.0,1.2781244834409404,0.6711487951347266,0.44118022882662616
5,185,1,0.0,1.2781244834409409,0.7905684811485731,0.43709637002376084
5,186,1,0.0,1.2786412052649374,0.7915401285902817,0.4615777799010126
5,187,1,0.0,1.2786412052649374,0.8614665687995561,0.46882173190121906
5,188,1,0.0,1.2798343991566261,0.8110559017347588,0.4526174000386564
5,189,1,0.0,1.2798343991566261,0.6996017376644129,0.4541274043091161
5,190,1,0.0,1.2803317161964998,0.8530188051594961,0.4333043418975245
5,191,1,0.0,1.2803317161964998,0.9386272023196819,0.43748103801047356
5,192,1,0.0,1.2803317161964998,0.8138229081748799,0.4538991437312334
5,193,1,0.0,1.2786412052649385,0.8158465300261329,0.4770609287506309
5,194,1,0.0,1.2786412052649385,0.7456671903839223,0.4400155244495935
5,195,1,0.0,1.2786412052649385,0.8137601483567799,0.45731710759117855
5,196,1,0.0,1.280754887047152,0.8234396954572318,0.5015627212202836
5,197,1,0.0,1.280754887047152,0.8120725526606741,0.47077394512637444
5,198,1,0.0,1.280754887047152,0.8597982256074562,0.4457381205219364
5,199,1,0.0,1.281158552945006,0.8257981198082307,0.4430742489172656
5,200,1,0.0,1.2804204838093278,0.8366085141779438,0.4564330572902794
5,201,1,0.0,1.2804204838093278,0.7535910074335717,0.45788049852462737
5,202,1,0.0,1.280420483809329,0.8392573218431616,0.45363617626207103
5,203,1,0.0,1.2816724361733474,0.8055414218909379,0.4313072674784012
5,204,1,0.0,1.2812368440704063,0.778755083865535,0.46060866990424454
5,205,1,0.0,1.2812368440704063,0.7628226888104801,0.4598701056925301
5,206,1,0.0,1.2811584485509013,0.625470786006447,0.427019510729106
5,207,1,0.0,1.2834236129314789,0.8047997492075976,0.44707982859441053
5,208,1,0.0,1.2834236129314789,0.8678257714136541,0.43612055255556137
5,209,1,0.0,1.2834236129314767,0.8323889840910658,0.4215218218680843
5,210,1,0.0,1.28273068335716,0.8441888064678061,0.4627873297307428
5,211,1,0.0,1.2825824009342484,0.7661353987502519,0.5085522285437867
5,212,1,0.0,1.2825824009342484,0.7959722171896172,0.49265266281054054
5,213,1,0.0,1.2825824009342495,0.775672459840434,0.4919414671296776
5,214,1,0.0,1.283183091795171,0.8659581911534079,0.4455950314075767
5,215,1,0.0,1.283183091795171,0.6607281317129134,0.4738222945799205
5,216,1,0.0,1.2831840836982873,0.752295186538893,0.46048752524460784
5,217,1,0.0,1.2829374677688394,0.7450075590998962,0.4563402221429001
5,218,1,0.0,1.2829374677688394,0.7678670561536333,0.41280602011918116
5,219,1,0.0,1.2829374677688394,0.7050636052876784,0.4439877665960133
5,220,1,0.0,1.282938217814051,0.7642839086273633,0.466985638365983
5,221,1,0.0,1.2831844030838022,0.7597746866738483,0.47600154919226206
5,222,1,0.0,1.2831844030838022,0.7868683655352697,0.4871223147527765
5,223,1,0.0,1.2831844030838022,0.7291306977351988,0.4240007951375587
5,224,1,0.0,1.2831844030838022,0.7490064056740331,0.4431550084664664
5,225,1,0.0,1.2831844030838022,0.8138390920701664,0.45590585227908864
5,226,1,0.0,1.2831844030838022,0.8431481635533596,0.460318877873559
5,227,1,0.0,1.2831844030838022,0.8215191920409133,0.474324171074876
5,228,1,0.0,1.2831844030838022,0.8866133387544729,0.4587665282201472
5,229,1,0.0,1.2831848012088003,0.7533201478569347,0.478761689030363
5,230,1,0.0,1.2831848012090799,0.8097360340065183,0.4210890375844741
5,231,1,0.0,1.2831848012090799,0.746351299661772,0.43100971144247835
5,232,1,0.0,1.2833087872032092,0.8100811589099317,0.4625695031567947
