representation,parent_id,rank_group,mutant_id,parent_fitness,mutant_fitness,delta_fitness,status,genotype
Final F1,1,worst,1,0.8221085163635837,-0.0006837015715702039,-0.8227922179351539,feasible,"LL(, dXX[G][|, 12:1]RfX[|, 6:1.249][S][S](gXqXrGX[|, 10:1]RlX[N, in:0.8, 9:1]FX[Water], (Lf(FX[Water][|, -1:-5.187, r:1, p:0.652, r:1]LLfX[@, -4:1])), lbX[N, -7:1]LlMlQX[N, 1:1]X[Sin, -10:1]LfX[Sin][Sin, -11:0.678]))"
Final F1,1,worst,2,0.8221085163635837,0.7344488860902424,-0.08765963027334134,feasible,"LLL(, dXX[G][|, 12:1]RfX[|, 6:1.249][S][S]gXqXrGX[|, 10:1]RlX[N, in:0.8, 9:1]FX[Water], (Lf(FX[Water][|, -1:-5.187, r:1, p:0.652, r:1]LLfX[@, -4:1]), lbX[N, -7:1]LlMlQX[N, 1:1]X[Sin, -10:1]LfX[Sin][Sin, -11:0.678]))"
Final F1,1,worst,3,0.8221085163635837,0.045062107705818324,-0.7770464086577654,feasible,"LL(, dXX[G][|, 11:1]RfX[S][S]gXqXrGX[|, 10:1]RlX[N, in:0.8, 9:1]FX[Water], (Lf(FX[Water][|, -1:-5.187, r:1, p:0.652, r:1]LLfX[@, -4:1]), lbX[N, -7:1]LlMlQX[N, 1:1]X[Sin, -10:1]LfX[Sin][Sin, -11:0.678]))"
Final F1,1,worst,4,0.8221085163635837,-0.013890859428195424,-0.8359993757917792,feasible,"LL(, dXX[G][|, 11:1]RfX[|, 6:1.249][S][S]gXqXrGX[|, 9:1]RlX[N, in:0.8, 8:1]FX[Water], (Lf(FX[Water]LLfX[@, -3:1]), lbX[N, -6:1]LlMlQX[N, 1:1]X[Sin, -9:1]LfX[Sin][Sin, -10:0.678]))"
Final F1,1,worst,5,0.8221085163635837,0.8058200871193544,-0.016288429244229352,feasible,"LL(, dXX[G][|, 12:1]RfX[|, 6:1.249][S][S]gXqXrGX[|, 10:1]RlX[N, in:0.8, 9:1]FX[Water], (Lf(FX[Water][|, -1:-5.187, r:1, p:0.652, r:1]LLfX[@, -4:1]), lbX[N, -7:1,-11:1]LlMlQX[N, 1:1]X[Sin, -10:1]LfX[Sin][Sin, -11:0.678]))"
Final F1,1,worst,6,0.8221085163635837,0.8016599601716543,-0.020448556191929423,feasible,"LL(, dXX[G][|, 12:1]RfX[|, 6:1.249][S][S]gXqXrGX[|, 10:1]RlX[N, 9:1]FX[Water], (Lf(FX[Water][|, -1:-5.187, r:1, p:0.652, r:1]LLfX[@, -4:1]), lbX[N, -7:1]LlMlQX[N, 1:1]X[Sin, -10:1]LfX[Sin][Sin, -11:0.678]))"
Final F1,1,worst,7,0.8221085163635837,-0.0053277868851465075,-0.8274363032487302,feasible,"LL(, dXX[G][|, 12:1]RfX[|, 6:1.249][S][S]gXqXrGX[|]RlX[N, in:0.8]FX[Water], (Lf(FX[Water][|, -1:-5.187, r:1, p:0.652, r:1]LLfX[@, -4:1]), lbX[N, -7:1]LlMlQX[N, 1:1]X[Sin, -10:1]LfX[Sin]))"
Final F1,1,worst,8,0.8221085163635837,0.012766958544248648,-0.809341557819335,feasible,"LL(, dXX[G][|, 12:1]RfX[|, 6:1.249][S][S]gXqXrGX[|, 10:1]RlX[N, in:0.8, 9:1]FX[Water], (bXLf(FX[Water][|, -1:-5.187, r:1, p:0.652, r:1]LLfX[@, -4:1]), lbX[N, -7:1]LlMlQX[N, 1:1]X[Sin, -10:1]LfX[Sin][Sin, -11:0.678]))"
Final F1,1,worst,9,0.8221085163635837,0.5385604232735768,-0.28354809309000695,feasible,"LL(, dXX[G][|, 12:1]RfX[|, 6:1.249][S][S]gXqXrGX[|, 10:1]RlX[N, in:0.8, 9:1]FX[Water], (Lf(FX[Water][|, -1:-5.187, r:1, p:0.652, r:1]LLfX[@, -4:1]DX), lbX[N, -7:1]LlMlQX[N, 1:1]X[Sin, -10:1]LfX[Sin][Sin, -11:0.678]))"
Final F1,1,worst,10,0.8221085163635837,0.41835048853536516,-0.40375802782821857,feasible,"LL(, dXX[G][|, 11:1]RfX[|, 6:1.249][S][S]gXqXrGX[|, 9:1]RlX[N, in:0.8, 8:1]FX[Water], (Lf(FX[Water][|, -1:-5.187, r:1, p:0.652, r:1]LLfX[@, -4:1]), LlMlQX[N, 1:1]X[Sin, -9:1]LfX[Sin][Sin, -10:0.678]))"
Final F1,1,worst,11,0.8221085163635837,0.18052933357539275,-0.6415791827881909,feasible,"LL(GX, dXX[G][|, 12:1]RfX[|, 6:1.249][S][S]gXqXrGX[|, 10:1]RlX[N, in:0.8, 9:1]FX[Water], (Lf(FX[Water][|, -1:-5.187, r:1, p:0.652, r:1]LLfX[@, -4:1]), lbX[N, -7:1]LlMlQX[N, 1:1]X[Sin, -10:1]LfX[Sin][Sin, -11:0.678]))"
Final F1,1,worst,12,0.8221085163635837,-0.013173921866721556,-0.8352824382303052,feasible,"LL(, dXX[G][|, 12:1]RfX[|, 6:1.249][S][S]gXqXrGX[|, 10:1]RlX[N, in:0.8, 9:1]FX[Water], (Lf(FX[Water][|, r:1, p:0.652, r:1]LLfX[@, -4:1]), lbX[N, -7:1]LlMlQX[N, 1:1]X[Sin, -10:1]LfX[Sin][Sin, -11:0.678]))"
Final F1,1,worst,13,0.8221085163635837,0.7918428359642171,-0.030265680399366612,feasible,"LL(, dXX[G][|, 12:1]RfX[|, 6:1.249][S][S]gXqXrGX[|, 10:1]RlX[N, in:0.8, 9:1]FX[Water], (Lf(X[Water][|, -1:-5.187, r:1, p:0.652, r:1]LLfX[@, -4:1]), lbX[N, -7:1]LlMlQX[N, 1:1]X[Sin, -10:1]LfX[Sin][Sin, -11:0.678]))"
Final F1,1,worst,14,0.8221085163635837,0.7812452210707524,-0.04086329529283128,feasible,"LL(, dXX[G][|, 12:1]RfX[|, 6:1.249][S][S]gXqXrGX[|, 11:1]RlX[N, in:0.8, 10:1]FX[Water], (Lf(FX[Water][|, -1:-5.187, r:1, p:0.652, r:1]LLfX[@, -4:1]), lbX[N, -7:1]LlMlQX[N, 1:1]X[Sin, -10:1]LfX[@,-11:1][Sin][Sin, -12:0.678]))"
Final F1,1,worst,15,0.8221085163635837,0.10899928552677707,-0.7131092308368067,feasible,"LL(, dXX[G][|, 12:1]RfX[|, 6:1.249][S][S]gXqXrGX[|, 10:1]RlX[N, in:0.8, 9:1]FX[Water], (Lf(,FX[Water][|, -1:-5.187, r:1, p:0.652, r:1]LLfX[@, -4:1]), lbX[N, -7:1]LlMlQX[N, 1:1]X[Sin, -10:1]LfX[Sin][Sin, -11:0.678]))"
Final F1,1,worst,16,0.8221085163635837,-0.0014793160229499723,-0.8235878323865337,feasible,"LL(, dXX[G][|, 12:1]RfX[|, 6:1.249][S][S]gXqXrGX[|, 10:1]RlX[N, in:0.8, 9:1]FX[Water] (Lf(FX[Water][|, -1:-5.187, r:1, p:0.652, r:1]LLfX[@, -4:1]), lbX[N, -7:1]LlMlQX[N, 1:1]X[Sin, -10:1]LfX[Sin][Sin, -11:0.678]))"
Final F1,1,worst,17,0.8221085163635837,0.8408317225305266,0.018723206166942896,feasible,"LL(, dXX[G][|, 12:1]RfX[|, 6:1.249][S][S]gXqXrGX[|, 10:1]RlX[N, in:0.8, 9:1]X[Water], (Lf(FX[Water][|, -1:-5.187, r:1, p:0.652, r:1]LLfX[@, -4:1]), lbX[N, -7:1]LlMlQX[N, 1:1]X[Sin, -10:1]LfX[Sin][Sin, -11:0.678]))"
Final F1,1,worst,18,0.8221085163635837,0.12464152080617642,-0.6974669955574073,feasible,"LL(, dXX[G][|, 12:1]RfX[|, 6:1.249][S][S]gXqXrGX[|, 10:1]RlX[N, in:0.8]FX[Water], (Lf(FX[Water][|, -1:-5.187, r:1, p:0.652, r:1]LLfX[@, -4:1]), lbX[N, -7:1]LlMlQX[N, 1:1]X[Sin, -10:1]LfX[Sin][Sin, -11:0.678]))"
Final F1,1,worst,19,0.8221085163635837,0.07215204968121143,-0.7499564666823723,feasible,"LL(, dXX[G][|, 12:1]RfX[|, 6:1.249][S][S]gXqXrGX[|, 10:1]RlX[N, in:0.8, 9:1,si:2]FX[Water], (Lf(FX[Water][|, -1:-5.187, r:1, p:0.652, r:1]LLfX[@, -4:1]), lbX[N, -7:1]LlMlQX[N, 1:1]X[Sin, -10:1]LfX[Sin][Sin, -11:0.678]))"
Final F1,1,worst,20,0.8221085163635837,0.8284546064793286,0.006346090115744829,feasible,"LL(, dXX[G][|, 12:1]RfX[|, 6:1.249][S][S]gXqXrGX[|, 10:1]lX[N, in:0.8, 9:1]FX[Water], (Lf(FX[Water][|, -1:-5.187, r:1, p:0.652, r:1]LLfX[@, -4:1]), lbX[N, -7:1]LlMlQX[N, 1:1]X[Sin, -10:1]LfX[Sin][Sin, -11:0.678]))"
Final F1,2,middle,1,0.1850322262351971,0.4294448819795847,0.24441265574438759,feasible,"((c(FfLX[Sin,5:1]bXrFQCfX[G][Water])), MX[Delay, 1:1,-3:1][Delay, 3:1, 0:1,-3:1][Sin][@, -1:-5.038]FX[S][N, -1:1, -6:1, -6:1,-6:1]FLFX[|, -4:1])"
Final F1,2,middle,2,0.1850322262351971,0.8593668662656826,0.6743346400304855,feasible,"((c(FfLX[Sin,5:1]bXrFQCfX[G][Water])), MX[Delay, 1:1,-3:1][Delay, 3:1, 0:1,-3:1][Sin][@, -1:-5.038, p:0.993]FQX[S][N, -1:1, -6:1, -6:1,-6:1]FLFX[|, -4:1])"
Final F1,2,middle,3,0.1850322262351971,0.5614549314226518,0.3764227051874547,feasible,"((c(FfLX[Sin,5:1]bXrFQCfX[G][Water])), X[Delay, 1:1,-3:1][Delay, 3:1, 0:1,-3:1][Sin][@, -1:-5.038, p:0.993]FX[S][N, -1:1, -6:1, -6:1,-6:1]FLFX[|, -4:1])"
Final F1,2,middle,4,0.1850322262351971,1.3627658880110216e-05,-0.185018598576317,feasible,"((c(FfLX[Sin]bXrFQCfX[G][Water])), MX[Delay, 1:1,-3:1][Delay, 2:1, 0:1,-3:1][@, p:0.993]FX[S][N, -1:1, -5:1, -5:1,-5:1]FLFX[|])"
Final F1,2,middle,5,0.1850322262351971,0.7006787140774021,0.515646487842205,feasible,"((c(FfLX[Sin,4:1]bXrFQCfX[G][Water])), MX[Delay, 3:1, 0:1,-2:1][Sin][@, -1:-5.038, p:0.993]FX[S][N, -1:1, -5:1, -5:1,-5:1]FLFX[|, -4:1])"
Final F1,2,middle,6,0.1850322262351971,0.9167883598941661,0.731756133658969,feasible,"((c(FfLX[Sin,5:1]bXrLFQCfX[G][Water])), MX[Delay, 1:1,-3:1][Delay, 3:1, 0:1,-3:1][Sin][@, -1:-5.038, p:0.993]FX[S][N, -1:1, -6:1, -6:1,-6:1]FLFX[|, -4:1])"
Final F1,2,middle,7,0.1850322262351971,0.009920252704474353,-0.17511197353072275,feasible,"((c(FfLQX[Sin,5:1]bXrFQCfX[G][Water])), MX[Delay, 1:1,-3:1][Delay, 3:1, 0:1,-3:1][Sin][@, -1:-5.038, p:0.993]FX[S][N, -1:1, -6:1, -6:1,-6:1]FLFX[|, -4:1])"
Final F1,2,middle,8,0.1850322262351971,0.0011577445693499928,-0.1838744816658471,feasible,"((c(FfLX[T][Sin, 5:1]bXrFQCfX[G][Water])), MX[Delay, 1:1, -3:1][Delay, 3:1, 0:1, -3:1][Sin][@, -1:-5.038, p:0.993]FX[S][N, -1:1, -6:1, -6:1, -6:1]FLFX[|, -4:1])"
Final F1,2,middle,9,0.1850322262351971,0.01564580638047803,-0.16938641985471908,feasible,"((c(FfLX[Sin,5:1]bXrFQCfX[G][Water])), MX[Delay, 1:1,-3:1][Delay, 3:1, 0:1,-3:1][Sin][@, -1:-5.038, p:0.996]FX[S][N, -1:1, -6:1, -6:1,-6:1]FLFX[|, -4:1])"
Final F1,2,middle,10,0.1850322262351971,0.7194109559129915,0.5343787296777944,feasible,"((c(FfLX[Sin, 5:1]bXrFQCfX[G][Water])), MX[Delay, 1:1, -3:1][Delay, 3:1, 0:1, -3:1][Sin][@, -1:-5.038, p:0.993]FX[S][N, -1:1, -6:1, -6:1, -6:1]FLFX[|, -4:1])"
Final F1,2,middle,11,0.1850322262351971,0.1758019923168424,-0.009230233918354702,feasible,"l((c(FfLX[Sin,5:1]bXrFQCfX[G][Water])), MX[Delay, 1:1,-3:1][Delay, 3:1, 0:1,-3:1][Sin][@, -1:-5.038, p:0.993]FX[S][N, -1:1, -6:1, -6:1,-6:1]FLFX[|, -4:1])"
Final F1,2,middle,12,0.1850322262351971,0.0006812254902232265,-0.18435100074497388,feasible,"((c(FfLX[Sin,5:1]bXrFQCfX[G][Water])), MX[Delay, 1:1,-3:1][Delay, 3:1, 0:1,-3:1][Sin][@, -1:-5.038, p:0.993]FX[S][N, -1:1, -6:1, -6:1,-6:1])"
Final F1,2,middle,13,0.1850322262351971,0.1269139691064739,-0.058118257128723205,feasible,"((c(FfLX[Sin,5:1]bXrFQCfX[G][Water])), MX[Delay, 1:1,-3:1][Delay, 3:-1.1, 0:1,-3:1][Sin][@, -1:-5.038, p:0.993]FX[S][N, -1:1, -6:1, -6:1,-6:1]FLFX[|, -4:1])"
Final F1,2,middle,14,0.1850322262351971,0.03372064629050483,-0.15131157994469227,feasible,"((c(FfLX[Sin,5:1]bXrFQCfX[G][Water])), MX[Delay, 1:1,-3:1][Delay, 3:1, 0:1,-3:1][Sin][@, -1:-5.038, p:0.969]FX[S][N, -1:1, -6:1, -6:1,-6:1]FLFX[|, -4:1])"
Final F1,2,middle,15,0.1850322262351971,0.2820846312013365,0.09705240496613937,feasible,"((c(FfLX[Sin,5:1]bXrFQCfX[G][Water])), MX[Delay, 1:1,-3:1][Delay, 3:1, 0:1,-3:1][Sin][@, -1:-5.038, p:0.993]FX[S][N, -1:1, -6:1, -6:1,-6:1]FcLFX[|, -4:1])"
Final F1,2,middle,16,0.1850322262351971,0.1299666907437246,-0.0550655354914725,feasible,"f((c(FfLX[Sin,5:1]bXrFQCfX[G][Water])), MX[Delay, 1:1,-3:1][Delay, 3:1, 0:1,-3:1][Sin][@, -1:-5.038, p:0.993]FX[S][N, -1:1, -6:1, -6:1,-6:1]FLFX[|, -4:1])"
Final F1,2,middle,17,0.1850322262351971,-0.010014039452891107,-0.19504626568808822,feasible,"((c(DXFfLX[Sin,5:1]bXrFQCfX[G][Water])), MX[Delay, 1:1,-3:1][Delay, 3:1, 0:1,-3:1][Sin][@, -1:-5.038, p:0.993]FX[S][N, -1:1, -6:1, -6:1,-6:1]FLFX[|, -4:1])"
Final F1,2,middle,18,0.1850322262351971,0.09277491021445254,-0.09225731602074456,feasible,"(r(c(FfLX[Sin,5:1]bXrFQCfX[G][Water])), MX[Delay, 1:1,-3:1][Delay, 3:1, 0:1,-3:1][Sin][@, -1:-5.038, p:0.993]FX[S][N, -1:1, -6:1, -6:1,-6:1]FLFX[|, -4:1])"
Final F1,2,middle,19,0.1850322262351971,0.21699862070275325,0.03196639446755614,feasible,"((c(FfLX[Sin,5:1]XrFQCfX[G][Water])), MX[Delay, 1:1,-3:1][Delay, 3:1, 0:1,-3:1][Sin][@, -1:-5.038, p:0.993]FX[S][N, -1:1, -6:1, -6:1,-6:1]FLFX[|, -4:1])"
Final F1,2,middle,20,0.1850322262351971,0.262365650929156,0.07733342469395887,feasible,"((c(FfLX[Sin,5:1]bXrFQCfX[G][Water])), MX[Delay, 1:1,-3:1][Delay, 3:1, 0:1,-3:1][Sin][@, -1:-5.038, p:0.993]FX[S][N, -1:1, -6:-2.527, -6:1,-6:1]FLFX[|, -4:1])"
Final F1,3,middle,1,1.695086870406392,0.2703429843376244,-1.4247438860687676,feasible,"(FX, DXrLfqX[Delay, 5:1][*][S][@, 1:1][Sin, -4:1]dLXrLX[N, -3:1][|][Sin]qMX[|, 2:1][Water][Delay, -3:1, t:117][S][Sin, -11:-3.596][@, -1:1.935])"
Final F1,3,middle,2,1.695086870406392,0.9924721614256651,-0.7026147089807269,feasible,"FXDXrLlfqX[Delay,5:1][*][S][@, 1:1][Sin, -4:1]dLXrLX[N, -3:1][|][Sin]qMX[|, 2:1][Water][Delay, -3:1, t:117][S][Sin, -11:-3.596][@, -1:1.935]"
Final F1,3,middle,3,1.695086870406392,0.3477231645332609,-1.3473637058731311,feasible,"(FXDX, rLfqX[Delay, 5:1][*][S][@, 1:1][Sin, -4:1]dLXrLX[N, -3:1][|][Sin]qMX[|, 2:1][Water][Delay, -3:1, t:117][S][Sin, -11:-3.596][@, -1:1.935])"
Final F1,3,middle,4,1.695086870406392,0.01772410699804182,-1.67736276340835,feasible,"XDXrLfqX[Delay,5:1][*][S][@, 1:1][Sin, -4:1]dLXrLX[N, -3:1][|][Sin]qMX[|, 2:1][Water][Delay, -3:1, t:117][S][Sin, -11:-3.596][@, -1:1.935]"
Final F1,3,middle,5,1.695086870406392,0.016360158560836956,-1.6787267118455549,feasible,"FXDXrLfqX[Delay,5:1][*][S][@, 1:1][Sin, -4:1]dLXrLX[N, -3:1][|][Sin,1:1]qMX[T][|, 2:1][Water][Delay, -4:1, t:117][S][Sin, -12:-3.596][@, -1:1.935]"
Final F1,3,middle,6,1.695086870406392,0.07845456305733592,-1.616632307349056,feasible,"FXqDXrLfqX[Delay,5:1][*][S][@, 1:1][Sin, -4:1]dLXrLX[N, -3:1][|][Sin]qMX[|, 2:1][Water][Delay, -3:1, t:117][S][Sin, -11:-3.596][@, -1:1.935]"
Final F1,3,middle,7,1.695086870406392,1.2046855904732747,-0.4904012799331172,feasible,"FXDXrLfqX[Delay,5:1][*][S][@, 1:1][Sin, -4:1]rdLXrLX[N, -3:1][|][Sin]qMX[|, 2:1][Water][Delay, -3:1, t:117][S][Sin, -11:-3.596][@, -1:1.935]"
Final F1,3,middle,8,1.695086870406392,-0.039202822680944924,-1.7342896930873368,feasible,"FXDXrLqX[Delay,5:1][*][S][@, 1:1][Sin, -4:1]dLXrLX[N, -3:1][|][Sin]qMX[|, 2:1][Water][Delay, -3:1, t:117][S][Sin, -11:-3.596][@, -1:1.935]"
Final F1,3,middle,9,1.695086870406392,0.9990721290272141,-0.6960147413791778,feasible,"FXDXrLfqX[Delay,5:1][*][S][@, 1:1][Sin, -4:1]dLXGXrLX[N, -3:1][|][Sin]qMX[|, 2:1][Water][Delay, -3:1, t:117][S][Sin, -11:-3.596][@, -1:1.935]"
Final F1,3,middle,10,1.695086870406392,0.034535879902038255,-1.6605509905043536,feasible,"FXMDXrLfqX[Delay,5:1][*][S][@, 1:1][Sin, -4:1]dLXrLX[N, -3:1][|][Sin]qMX[|, 2:1][Water][Delay, -3:1, t:117][S][Sin, -11:-3.596][@, -1:1.935]"
Final F1,3,middle,11,1.695086870406392,0.9679788424705523,-0.7271080279358396,feasible,"FXDXrLfqX[Delay][*][S][@, 1:1][Sin, -4:1]dLXrLX[N, -3:1][|][Sin]qMX[|, 2:1][Water][Delay, -3:1, t:117][S][Sin, -11:-3.596][@, -1:1.935]"
Final F1,3,middle,12,1.695086870406392,0.2560757930224222,-1.4390110773839697,feasible,"FX[@,12:1]DXrLfqX[Delay,5:1][*][S][@, 1:1][Sin, -4:1]dLXrLX[N, -3:1][|][Sin]qMX[|, 2:1][Water][Delay, -3:1, t:117][S][Sin, -11:-3.596][@, -1:1.935]"
Final F1,3,middle,13,1.695086870406392,0.24358813670963714,-1.4514987336967549,feasible,"FXDXrLfqX[Delay,5:1][*][S][@][Sin, -4:1]dLXrLX[N, -3:1][|][Sin]qMX[|, 2:1][Water][Delay, -3:1, t:117][S][Sin, -11:-3.596][@, -1:1.935]"
Final F1,3,middle,14,1.695086870406392,1.3827254707557421,-0.3123613996506498,feasible,"FXDXrLfqX[Delay,5:1][*][S][@, 1:1][Sin, -4:1]dLXrLX[N, -3:1,s:0][|][Sin]qMX[|, 2:1][Water][Delay, -3:1, t:117][S][Sin, -11:-3.596][@, -1:1.935]"
Final F1,3,middle,15,1.695086870406392,0.045549302836305074,-1.649537567570087,feasible,"FX[*]DXrLfqX[Delay,5:1][*][S][@, 1:1][Sin, -4:1]dLXrLX[N, -3:1][|][Sin,-8:1]qMX[|, 2:1][Water][Delay, -3:1, t:117][S][Sin, -11:-3.596][@, -1:1.935]"
Final F1,3,middle,16,1.695086870406392,1.7026781593507343,0.007591288944342356,feasible,"FXDXrLfqX[Delay,5:1][*][S][@, 1:1][Sin, -4:1]dLXrLX[N, -3:1,7:1][|][Sin]qMX[|, 2:1][Water][Delay, -3:1, t:117][S][Sin, -11:-3.596][@, -1:1.935]"
Final F1,3,middle,17,1.695086870406392,0.7612492962951815,-0.9338375741112105,feasible,"FXDXrLfqX[Delay,5:1][*][S][@, 1:1][Sin, -4:1]dLXrLX[N, -3:1][|][Sin]qMX[|, 2:-3.658][Water][Delay, -3:1, t:117][S][Sin, -11:-3.596][@, -1:1.935]"
Final F1,3,middle,18,1.695086870406392,0.5734091754602055,-1.1216776949461864,feasible,"FXDXrLfqX[Delay,6:1][*][S][@, 1:1][Sin, -4:1]dLXrLX[Sin,-4:1][N, -4:1,-1:1][|][Sin]qMX[|, 2:1][Water][Delay, -3:1, t:117][S][Sin, -12:-3.596][@, -1:1.935]"
Final F1,3,middle,19,1.695086870406392,1.0161690719360286,-0.6789177984703634,feasible,"FX[T]DXrLfqX[Delay, 5:1][*][S][@, 1:1][Sin, -4:1]dLXrLX[N, -3:1][|][Sin]qMX[|, 2:1][Water][Delay, -3:1, t:117][S][Sin, -11:-3.596][@, -1:1.935]"
Final F1,3,middle,20,1.695086870406392,0.0116170934571488,-1.683469776949243,feasible,"FXDXrLfqX[Delay,5:1][*][S][@, 1:1][Sin, -4:1]dLXrLX[N, -3:1][|][Sin]qMX[|, 2:1][Water][Delay, -3:1][S][Sin, -11:-3.596][@, -1:1.935]"
Final F1,4,middle,1,1.5371409294480334,0.13740037288296675,-1.3997405565650667,feasible,"rr(, RXLbXrMX[N, 7:1, si:-999][Sin,-1:1]MX[*][*][|, -3:1]X[|,-4:1][S][Gpart], Rf(, , DXX[Delay, -2:1]))"
Final F1,4,middle,2,1.5371409294480334,0.19186275350662635,-1.345278175941407,feasible,"rr(, RXLbXrMX[N, si:-999][Sin]MX[*][*][|, -3:1], Rf(, , DXX[Delay]))"
Final F1,4,middle,3,1.5371409294480334,1.33594563616417,-0.20119529328386343,feasible,"rr(, RXLbXMX[N, 7:1, si:-999][Sin]MX[*][*][|, -3:1]X[|,-4:1][S][Gpart], Rf(, , DXX[Delay, -2:1]))"
Final F1,4,middle,4,1.5371409294480334,0.2725011722015138,-1.2646397572465196,feasible,"rr(, RXLbXrMX[N, 7:1, si:-999][Sin]MX[*][*][|, -3:1]X[|,-4:1][S][Gpart], Rf(, , DXDXX[Delay, -2:1]))"
Final F1,4,middle,5,1.5371409294480334,0.15212847487288803,-1.3850124545751454,feasible,"rr(, RXLbXrMX[N, 7:1, si:-999][Sin]MX[*][*][|, -3:1]X[|,-4:1][S][Gpart], Rf(, , dXDXX[Delay, -2:1]))"
Final F1,4,middle,6,1.5371409294480334,0.8386943245853903,-0.6984466048626431,feasible,"rr(, RXLbXrMX[N, 7:1, si:-999][Sin]MX[*][*][|, -3:1]X[|,-4:1][S][Gpart], Rf(, , DXX))"
Final F1,4,middle,7,1.5371409294480334,1.0792991085837023,-0.4578418208643311,feasible,"rr(, RXLbXrMX[Sin,1:1][N, 7:1, si:-999][Sin]MX[*][*][|, -3:1]X[|,-4:1][S][Gpart], Rf(, , DXX[Delay, -2:1,-9:1]))"
Final F1,4,middle,8,1.5371409294480334,1.112331588864295,-0.4248093405837383,feasible,"rr(, RXLbXrMX[N, 6:1, si:-999][Sin]MX[*][*][|, -3:1]X[|,-4:1][Gpart], Rf(, , DXX[Delay]))"
Final F1,4,middle,9,1.5371409294480334,-0.022676381185455577,-1.559817310633489,feasible,"rr(, RXLbXrMX[N, 7:1, si:-999][Sin]MX[*][*][|, -3:1]X[|,-4:1][S][Gpart], Rf(,  DXX[Delay, -2:1]))"
Final F1,4,middle,10,1.5371409294480334,1.542356583090249,0.005215653642215656,feasible,"rr(, RXLbXrMX[N, 7:1, si:-999][Sin]MX[*][*][|, -3:1]X[|][S][Gpart], Rf(, , DXX[Delay, -2:1]))"
Final F1,4,middle,11,1.5371409294480334,0.2915832043937203,-1.245557725054313,feasible,"rr(, RXLbXrMX[N, 7:1, si:-999][Sin]MX[*][*][|, -3:1]X[|,-4:1][S][Gpart], Rf(, , XX[Delay, -2:1]))"
Final F1,4,middle,12,1.5371409294480334,1.4445222291250681,-0.09261870032296526,feasible,"rr(, RXLbXrMX[N, si:-999][Sin]MX[*][*][|, -3:1]X[|,-4:1][S], Rf(, , DXX[Delay, -1:1]))"
Final F1,4,middle,13,1.5371409294480334,1.5551251220782771,0.017984192630243756,feasible,"rr(, RXLbXrMX[Sin]MX[*][*][|, -3:1]X[|,-4:1][S][Gpart], Rf(, , DXX[Delay, -2:1]))"
Final F1,4,middle,14,1.5371409294480334,1.1085096077140197,-0.42863132173401364,feasible,"rr(, RXLbX[|,3:1]rMX[N, 7:1, si:-999][Sin]MX[*][*][|, -3:1]X[|,-4:1][S][Gpart], Rf(, , DXX[Delay, -2:1]))"
Final F1,4,middle,15,1.5371409294480334,0.48287755319336695,-1.0542633762546665,feasible,"r(, RXLbXrMX[N, 7:1, si:-999][Sin]MX[*][*][|, -3:1]X[|,-4:1][S][Gpart], Rf(, , DXX[Delay, -2:1]))"
Final F1,4,middle,16,1.5371409294480334,0.010779474822212606,-1.5263614546258208,feasible,"rr(, RXLbXrMX[Water][N, 7:1, si:-999,-1:1][Sin]MX[*][*][|, -3:1]X[|,-4:1][S][Gpart], Rf(, , DXX[Delay, -2:1]))"
Final F1,4,middle,17,1.5371409294480334,0.12736303234330892,-1.4097778971047243,feasible,"rr(, RXLbXrMX[N, 7:1, si:-999][Sin]dXMX[*][*][|, -3:1]X[|,-4:1][S][Gpart], Rf(, , DXX[Delay, -2:1]))"
Final F1,4,middle,18,1.5371409294480334,0.3646363537782789,-1.1725045756697545,feasible,"rr(, RXLbX[@,9:1]rMX[N, 7:1, si:-999][Sin]MX[*][*][|, -3:1]X[|,-4:1][S][Gpart], Rf(, , DXX[Delay, -2:1]))"
Final F1,4,middle,19,1.5371409294480334,0.010742772436159523,-1.5263981570118739,feasible,"rr(, RXLbXrMX[N, 7:1, si:-999][Sin]MX[*][*][|, -3:1]X[|,-4:1][S][Gpart], Rf(, , DX[@,-7:1]X[Delay, -3:1]))"
Final F1,4,middle,20,1.5371409294480334,0.38159902686941166,-1.1555419025786218,feasible,"rr(, RXLbXrMX[N, 8:1, si:-999][Sin]MX[@,7:1][*][*][|, -4:1]X[|,-5:1][S][Gpart], Rf(, , DXX[Delay, -2:1]))"
Final F1,5,best,1,0.0638863390542248,0.7785224881591616,0.7146361491049368,feasible,"fDXbX[|,1:1]GXDXdXMLX[S][G][S][@, p:0.921][N, 0:1, -4:1,fo:1][|, 1:1][Sin]"
Final F1,5,best,2,0.0638863390542248,0.054217865771525466,-0.00966847328269934,feasible,"fDXbXGXDXdXMLX[S][G][S][@, p:0.921][N, 0:1, -4:1,fo:0.04][|, 1:1][Sin]"
Final F1,5,best,3,0.0638863390542248,-0.03200185405880757,-0.09588819311303237,feasible,"BXfDXbX[|,1:1]GXDXdXMLX[S][G][S][@, p:0.921][N, 0:1, -4:1,fo:0.04][|, 1:1][Sin]"
Final F1,5,best,4,0.0638863390542248,1.0809571388986856,1.0170707998444608,feasible,"fDXbX[|,1:1]GXDXdXMLX[S][G][S][@, p:0.921][N, 0:1, -4:1,fo:0.04][|, 1:1][Sin,t:0]"
Final F1,5,best,5,0.0638863390542248,0.11206022605238859,0.04817388699816379,feasible,"fDXbX[|,1:1]GXDXdXMMLX[S][G][S][@, p:0.921][N, 0:1, -4:1,fo:0.04][|, 1:1][Sin]"
Final F1,5,best,6,0.0638863390542248,1.1868494499553572,1.1229631109011324,feasible,"fDXbX[|,2:1]GX[S]DXdXMLX[S][G][S][@, p:0.921,-4:1][N, 0:1, -4:1,fo:0.04][|, 1:1][Sin]"
Final F1,5,best,7,0.0638863390542248,0.9360089855291511,0.8721226464749263,feasible,"fDXbX[|,1:1]GXDXMLX[S][G][S][@, p:0.921][N, 0:1, -4:1,fo:0.04][|, 1:1][Sin]"
Final F1,5,best,8,0.0638863390542248,-3.550699283577484e-08,-0.06388637456121764,feasible,"fDXbX[|,1:1]GXDXdXMLX[S][G][S][@, p:0.921][N, 0:1, -4:1,fo:0.04][|]"
Final F1,5,best,9,0.0638863390542248,0.20438340409943662,0.1404970650452118,feasible,"fDXbX[|,1:1]GXDXdXMLX[S][G][S][@, p:0.921,1:1][N, 0:1, -4:1,fo:0.04][|, 1:1][Sin]"
Final F1,5,best,10,0.0638863390542248,-0.0678580410015524,-0.1317443800557772,feasible,"fDXbX[@,4:1][|,1:1]GXDXdXMLX[S][G][S][@, p:0.921][N, 0:1, -4:1,fo:0.04][|, 1:1][Sin]"
Final F1,5,best,11,0.0638863390542248,1.1680628431502351,1.1041765040960103,feasible,"fDXbX[|]GXDXdXMLX[S][G][S][@, p:0.921][N, 0:1, -4:1,fo:0.04][|, 1:1][Sin]"
Final F1,5,best,12,0.0638863390542248,1.859268005796382,1.7953816667421572,feasible,"fDXbX[|]GXDXdXMLX[G][S][@, p:0.921][N, 0:1,fo:0.04][|, 1:1][Sin]"
Final F1,5,best,13,0.0638863390542248,0.17889655606350285,0.11501021700927805,feasible,"fDXbX[|,1:1]GXdXMLX[S][G][S][@, p:0.921][N, 0:1, -4:1,fo:0.04][|, 1:1][Sin]"
Final F1,5,best,14,0.0638863390542248,0.04885051687592033,-0.015035822178304473,feasible,"fDXbX[*][|,1:1]GXDXdXMLX[S][G][S][@, p:0.921][N, 0:1, -4:1,fo:0.04][|, 1:1][Sin,-8:1]"
Final F1,5,best,15,0.0638863390542248,0.7996398504999123,0.7357535114456875,feasible,"fDXbX[|,1:1]GXDXdXMLX[S][G][S][@, p:0.921][N, 0:1, -4:1,fo:0.04][|, 1:1][Sin]BX"
Final F1,5,best,16,0.0638863390542248,0.07435886380451369,0.010472524750288884,feasible,"fDXbX[|,1:1]GXDXdXMLX[S][G][S][@][N, 0:1, -4:1,fo:0.04][|, 1:1][Sin]"
Final F1,5,best,17,0.0638863390542248,0.468930179478529,0.4050438404243042,feasible,"fDXbX[|,1:1]GXDXdXMLX[S][G][@, p:0.921][N, 0:1, -3:1,fo:0.04][|, 1:1][Sin]"
Final F1,5,best,18,0.0638863390542248,-0.00320373430709646,-0.06709007336132126,feasible,"(fDX, bX[|, 1:1]GXDXdXMLX[S][G][S][@, p:0.921][N, 0:1, -4:1, fo:0.04][|, 1:1][Sin])"
Final F1,5,best,19,0.0638863390542248,0.5494746469007251,0.4855883078465003,feasible,"fDXbX[|,1:3.053]GXDXdXMLX[S][G][S][@, p:0.921][N, 0:1, -4:1,fo:0.04][|, 1:1][Sin]"
Final F1,5,best,20,0.0638863390542248,1.8510535731933877,1.787167234139163,feasible,"fDXbX[|,1:1]GXDXdXMLX[S][G][S][@, p:0.921,p:1][N, 0:1, -4:1,fo:0.04][|, 1:1][Sin]"
Final F4,1,worst,1,0.00019569814330458305,5.170421869319369e-05,-0.00014399392461138935,feasible,"/*4*/<DQlL<X,rQq><N:N[-1:0.44]>cN:|,#2#3>>>R<R<N:*><rrmMQQfCQll,lC<llXl#1>cfCl>DX>N:|#2>>N:N[0:-0.999]>"
Final F4,1,worst,2,0.00019569814330458305,0.00035945906035961034,0.00016376091705502728,feasible,"/*4*/<DQlL<X,rQq><N:N[0:-1.825][-1:0.44]>cN:|,#2#3>>>R<R<N:*><rrmMQQfCQll,lCllXl#1>cfCl>N:|#2>>N:N[0:-0.999]>"
Final F4,1,worst,3,0.00019569814330458305,0.00029718820952064496,0.00010149006621606191,feasible,"/*4*/<DQlL<X,rQq><N:N[-1:0.44]>cN:|,#2#3>>>R<R<N:*><rrmMQQfCQll,lCllXlcfCl>N:|#2>>N:N[0:-0.999]>"
Final F4,1,worst,4,0.00019569814330458305,0.0019800854594183314,0.0017843873161137484,feasible,"/*4*/<DQlL<X,rQq><N:N[0:-0.292][-1:0.44]>cN:|,#2#3>>>R<R<N:*><rrmMQQfCQll,lCllXl#1>cfCl>N:|#2>>N:N[0:-0.999]>"
Final F4,1,worst,5,0.00019569814330458305,0.000202081776431882,6.383633127298957e-06,feasible,"/*4*/<DQlL<X,rQq><N:N[-1:0.44]>cN:|,#2#3>>>R<R<N:*><rrmMQQfCQll,lCllXl#1>cfCl>N:|>N:N[0:-0.999]>"
Final F4,1,worst,6,0.00019569814330458305,0.00029059669716999535,9.48985538654123e-05,feasible,"/*4*/<DQlL<X,rQq><N:N[-1:0.44]>cN:|,#2#3>>>R<Rl<N:*><rrmMQQfCQll,lCllXl#1>cfCl>N:|#2>>N:N[0:-0.999]>"
Final F4,1,worst,7,0.00019569814330458305,0.00021619094925771085,2.0492805953127797e-05,feasible,"/*4*/<DQlL<X,rQq><N:N[-1:0.44]>cN:|,#2#3>>>R<R<N:*><rrmMQQfCQll,lCllXl#1>fCl>N:|#2>>N:N[0:-0.999]>"
Final F4,1,worst,8,0.00019569814330458305,,,infeasible,"/*4*/<DQlL<X,rQq><N:N[-1:0.44]>cN:|,#2#3>>>R<R<N:*><rrmM<N:S>QQfCQll,lCllXl#1>cfCl>N:|#2>>N:N[0:-0.999]>"
Final F4,1,worst,9,0.00019569814330458305,0.0002704136949280402,7.471555162345714e-05,feasible,"/*4*/<DQlL<X,rQq><N:N[-1:0.44]>cN:|,#2#3>>>R<R<N:*><rrmMQQfCQll,lCllXl#1>cfCl>N:|#2>>N:N[0:-0.999]:-=:>"
Final F4,1,worst,10,0.00019569814330458305,0.0002045083701148933,8.810226810310244e-06,feasible,"/*4*/<DQlL<X,rQq><N:N[-1:0.44]>cN:|,#2#3>>>R<R<N:*><rrmMQQfCQll,lClXl#1>cfCl>N:|#2>>N:N[0:-0.999]>"
Final F4,1,worst,11,0.00019569814330458305,0.0003594590603596104,0.00016376091705502734,feasible,"/*4*/<DQlL<X,rQq><N:N[-1:0.44]>cN:|,#2#3>>>R<R<N:*><rrmMQQfCQll,l<CllXl#1>cfCl>N:S>N:|#2>>N:N[0:-0.999]>"
Final F4,1,worst,12,0.00019569814330458305,0.00019364592272198432,-2.052220582598736e-06,feasible,"/*4*/<DQlL<X,rQq><N:N[-1:0.44]>cN:|,#2#3>>>R<R<N:*><rrmMQQfCQllf,lCllXl#1>cfCl>N:|#2>>N:N[0:-0.999]>"
Final F4,1,worst,13,0.00019569814330458305,0.0003026160146551676,0.00010691787135058456,feasible,"/*4*/<DQlL<X,rQq><N:N[-1:0.44]>cN:|,#2#3>>>R<R<N:*><rrmMQQfCQMll,lCllXl#1>cfCl>N:|#2>>N:N[0:-0.999]>"
Final F4,1,worst,14,0.00019569814330458305,7.343852971473167e-06,-0.00018835429033310988,feasible,"/*4*/<DQlL<X,rQq><N:N[-1:0.44]>cN:|,#2#3>>>R<R<N:*><rrmMQQfCQll,lCl<GX>lXl#1>cfCl>N:|#2>>N:N[0:-0.999]>"
Final F4,1,worst,15,0.00019569814330458305,0.0023601453373582977,0.002164447194053715,feasible,"/*4*/<DQlL<X,rq><N:N[-1:0.44]>cN:|,#2#3>>>R<R<N:*><rrmMQQfCQll,lCllXl#1>cfCl>N:|#2>>N:N[0:-0.999]>"
Final F4,1,worst,16,0.00019569814330458305,-2.7448456390348923e-06,-0.00019844298894361795,feasible,"/*4*/<DQlL<X,rQq><N:N[-1:0.44]>cN:|,#2#3>>>R<R<N:*><rrmMQQfC<bX>Qll,lCllXl#1>cfCl>N:|#2>>N:N[0:-0.999]>"
Final F4,1,worst,17,0.00019569814330458305,0.0003628868925374236,0.00016718874923284056,feasible,"/*4*/<DQlL<X,rQq><N:N[-1:0.44]>cN:|,#2#3>>>R<R<N:*><rrmMQQfCQll,lCllXl#1>cf,Cl>N:|#2>>N:N[0:-0.999]>"
Final F4,1,worst,18,0.00019569814330458305,0.0006143610203515307,0.00041866287704694764,feasible,"/*4*/<DQlL<X,rQq><N:N[-1:0.44]>cN:|,#2#3>>>R<R<N:*><CrrmMQQfCQll,lCllXl#1>cfCl>N:|#2>>N:N[0:-0.999]>"
Final F4,1,worst,19,0.00019569814330458305,0.00029695200897974366,0.00010125386567516061,feasible,"/*4*/<DQlL<X,rQq><N:N[-1:1.573]>cN:|,#2#3>>>R<R<N:*><rrmMQQfCQll,lCllXl#1>cfCl>N:|#2>>N:N[0:-0.999]>"
Final F4,1,worst,20,0.00019569814330458305,0.00024264439565137806,4.694625234679501e-05,feasible,"/*4*/<DQlL<X,rQq><N:N[-1:0.44]>cN:|,#2#3>>>R<R<N:*><rrmMQQfCQll,lllXl#1>cfCl>N:|#2>>N:N[0:-0.999]>"
Final F4,2,middle,1,0.1053348052908765,0.10533480529087207,-4.427014310692812e-15,feasible,"/*4*/<RMMCLQ<<<,XRMLlLq#1>>RlN:@[-1:1.369]><cqlFN:Gpart#1:+!::+!:>>N:S#2>>,LqmN:Gpart#2#1>>>rM<rrMMfcFMq<rrMlfCLgQFXRlq#3>>qN:Sin[2:1.254]>N:@[2:0.402],>"
Final F4,2,middle,2,0.1053348052908765,0.10533480529087676,2.636779683484747e-16,feasible,"/*4*/<RMMCLQ<<<,XRMLlLq#1>>RlN:@[-1:1.369]><cqlFN:Gpart#1:+!::+!:>>N:S#2>>,LqmN:Gpart#2#1>>>rM<rrMMfcFMqQ<rrMlfCLgQFXRl#3>>qN:Sin[2:1.254]>N:@[2:0.402],>"
Final F4,2,middle,3,0.1053348052908765,0.10533480529087656,6.938893903907228e-17,feasible,"/*4*/<RMMCLQ<<<,XRMLlLq#1>>RlN:@[-1:1.369]><cqlFN:Gpart#1:+!::+!:>>N:S#2>>,LqmN:Gpart#2#1>>>rM<rrMMfcFMq<rrMlfCcLgQFXRl#3>>qN:Sin[2:1.254]>N:@[2:0.402],>"
Final F4,2,middle,4,0.1053348052908765,0.104743592099001,-0.0005912131918754948,feasible,"/*4*/<qRMMCLQ<<<,XRMLlLq#1>>RlN:@[-1:1.369]><cqlFN:Gpart#1:+!::+!:>>N:S#2>>,LqmN:Gpart#2#1>>>rM<rrMMfcFMq<rrMlfCLgQFXRl#3>>qN:Sin[2:1.254]>N:@[2:0.402],>"
Final F4,2,middle,5,0.1053348052908765,0.10533480529087653,4.163336342344337e-17,feasible,"/*4*/<RMMCLQ<<<,XRMLlLq#1>>RlN:@[-1:1.369]><cqlFN:Gpart#1:+!::+!:>>N:S#2>>,LqmN:Gpart#2#1>>>rM<rrMMfcFMq<rrMlfCLgQFXRl#3>>qN:Sin>N:@[2:0.402],>"
Final F4,2,middle,6,0.1053348052908765,0.10533480529087894,2.4424906541753444e-15,feasible,"/*4*/<RMMCLQ<<<,XRMLlLq#1>>RlN:@[-1:1.369]><cqlFN:Gpart#1:+!::+!:>>N:S#2>>,LqmN:Gpart#2#1>>>rM<rrMMfcFMqm<rrMlfCLgQFXRl#3>>qN:Sin[2:1.254]>N:@[2:0.402],>"
Final F4,2,middle,7,0.1053348052908765,0.10466131219844114,-0.0006734930924353483,feasible,"/*4*/<RMMCLQ<<<,XRMlLq#1>>RlN:@[-1:1.369]><cqlFN:Gpart#1:+!::+!:>>N:S#2>>,LqmN:Gpart#2#1>>>rM<rrMMfcFMq<rrMlfCLgQFXRl#3>>qN:Sin[2:1.254]>N:@[2:0.402],>"
Final F4,2,middle,8,0.1053348052908765,-0.0005417039518828418,-0.10587650924275933,feasible,"/*4*/<RMMCLQ<<<,XRMLlLq#1>>RlN:@[-1:1.369]><cqlFN:Gpart#1:+!::+!:>>N:S#2>>,LqmN:Gpart#2#1>>>rM<rrMMfcFMq<rrMlfCLgQFXRl#3>>qN:Sin[2:1.254]><N:@[2:0.402],>BX>"
Final F4,2,middle,9,0.1053348052908765,0.10533480529087721,7.216449660063518e-16,feasible,"/*4*/<RMMCLQ<<<,XRMLlLq#1>>RlN:@[-1:1.369]><cqlFN:Gpart#2#1:+!::+!:>>>N:S#2>>,LqmN:Gpart#2#1>>>rM<rrMMfcFMq<rrMlfCLgQFXRl#3>>qN:Sin[2:1.254]>N:@[2:0.402],>"
Final F4,2,middle,10,0.1053348052908765,0.10533480529088073,4.232725281383409e-15,feasible,"/*4*/<RMMCLQ<<<,XRMLlLq#1>>RlN:@[-1:1.369]><cqlFN:Gpart#1:+!::+!:>>N:S#2>>,LqmN:Gpart#1#1>>>rM<rrMMfcFMq<rrMlfCLgQFXRl#3>>qN:Sin[2:1.254]>N:@[2:0.402],>"
Final F4,2,middle,11,0.1053348052908765,-0.001252505799434522,-0.10658731109031101,feasible,"/*4*/<,RMMCLQ<<<,XRMLlLq#1>>RlN:@[-1:1.369]><cqlFN:Gpart#1:+!::+!:>>N:S#2>>,LqmN:Gpart#2#1>>>rM<rrMMfcFMq<rrMlfCLgQFXRl#3>>qN:Sin[2:1.254]>N:@[2:0.402],>"
Final F4,2,middle,12,0.1053348052908765,0.00981944089881226,-0.09551536439206423,feasible,"/*4*/<RMMCLQ<<<,XRMLlLq#1>>RlN:@[-1:1.369]><cqlFN:Gpart#1:+!::+!:>>N:S#2>>,LqmN:Gpart#2#1>>>rM<rrMMfcFMq<<rrMlfCLgQFXRl#3>>DX>qN:Sin[2:1.254]>N:@[2:0.402],>"
Final F4,2,middle,13,0.1053348052908765,-0.00020588702686803132,-0.10554069231774453,feasible,"/*4*/<RMMCLQ<<<,XRMLlLq#1>>RlN:@[-1:1.369]><cqlFN:Gpart#1:+!::+!:>>N:S#2>>,LqmN:Gpart#2#1>>>rM<rrMMfcFMq<rrM<bX>lfCLgQFXRl#3>>qN:Sin[2:1.254]>N:@[2:0.402],>"
Final F4,2,middle,14,0.1053348052908765,0.10533480529087248,-4.010680676458378e-15,feasible,"/*4*/<RMMCLQ<<<,XRMLlLq#1>>RlN:@[-1:1.369]><cqlFN:Gpart#1:+!::+!:>>N:S#2>>,LqmN:Gpart#2#1>>>rM<rrMMfcFMq<rrMlfCLgQFXRl#3>>qN:Sin[2:1.254]>N:@[2:0.402]:-/:,>"
Final F4,2,middle,15,0.1053348052908765,-8.775063219075762e-05,-0.10542255592306725,feasible,"/*4*/<RMMCLQ<<<,XRMLlLq#1>>RlN:@[-1:1.369]><cqlFN:Gpart#1:+!::+!:>>N:S#2>>,Lq<mN:Gpart#2#1>>>dX>rM<rrMMfcFMq<rrMlfCLgQFXRl#3>>qN:Sin[2:1.254]>N:@[2:0.402],>"
Final F4,2,middle,16,0.1053348052908765,0.10307120784124375,-0.00226359744963274,feasible,"/*4*/<RMCLQ<<<,XRMLlLq#1>>RlN:@[-1:1.369]><cqlFN:Gpart#1:+!::+!:>>N:S#2>>,LqmN:Gpart#2#1>>>rM<rrMMfcFMq<rrMlfCLgQFXRl#3>>qN:Sin[2:1.254]>N:@[2:0.402],>"
Final F4,2,middle,17,0.1053348052908765,0.10533480529086409,-1.2406742300186124e-14,feasible,"/*4*/<RMMCLQ<<<,XRMLlLq#1>>RlN:@[-1:1.369]><cqlFN:Gpart#1:+!::+!:>>N:S#2>>,LqmN:Gpart#2#1>>>rM<rrMMcFMq<rrMlfCLgQFXRl#3>>qN:Sin[2:1.254]>N:@[2:0.402],>"
Final F4,2,middle,18,0.1053348052908765,0.10533480529088107,4.579669976578771e-15,feasible,"/*4*/<RMMCLQ<<<,XRMLlLq#1>>RlN:@[-1:1.369]><cqlFN:Gpart#1:+!::+!:>>N:S#2>>,LqmN:Gpart#1>>rM<rrMMfcFMq<rrMlfCLgQFXRl#3>>qN:Sin[2:1.254]>N:@[2:0.402],>"
Final F4,2,middle,19,0.1053348052908765,0.1053348052908789,2.400857290751901e-15,feasible,"/*4*/<RMMCLQ<<<,XRMLlLq#1>>RlN:@[-1:1.369]><cqlFN:Gpart#1:+!::+!:>>N:S#2>>,LqmN:Gpart#3#1>>>rM<rrMMfcFMq<rrMlfCLgQFXRl#3>>qN:Sin[2:1.254]>N:@[2:0.402],>"
Final F4,2,middle,20,0.1053348052908765,0.0987000948986935,-0.006634710392182996,feasible,"/*4*/<MMCLQ<<<,XRMLlLq#1>>RlN:@[-1:1.369]><cqlFN:Gpart#1:+!::+!:>>N:S#2>>,LqmN:Gpart#2#1>>>rM<rrMMfcFMq<rrMlfCLgQFXRl#3>>qN:Sin[2:1.254]>N:@[2:0.402],>"
Final F4,3,middle,1,0.3489984540524582,0.2244525269536873,-0.12454592709877091,feasible,"/*4*/fmcm<<Qmq<RmLLmQLLmL<RFcLqLcqLML<FLmqqqqXQ,#1#2#3m>>>>fqqqXF#2#2#3,>#4>>>><N:Water,#2#3>>>N:N[0:0.133]>m<<N:Water>LfMN:|[-3:0.324]:+/:>cq,<c<qXrQF,#2#3c>>>F<mN:Water>N:S>rmQLN:|[1:3.498]>N:T:-!:#2:+/:>>N:@[3:5.702]>"
Final F4,3,middle,2,0.3489984540524582,0.3452774297755459,-0.0037210242769123436,feasible,"/*4*/fmcm<<Qmq<RmLLmLLmL<RFcLqLcqLML<FLmqqqqXQ,#1#2#3m>>>>fqqqXF#2#2#3,>#4>>>><N:Water,#2#3>>>N:N[0:0.133]>m<<N:Water>LfMN:|[-3:0.324]:+/:>cq,<c<qXrQF#2,#2#3c>>>>F<mN:Water>N:S>rmQLN:|[1:3.498]>N:T:-!:#2:+/:>>N:@[3:5.702]>"
Final F4,3,middle,3,0.3489984540524582,0.08838536284590531,-0.2606130912065529,feasible,"/*4*/fmcm<<Qmq<RmLLmLLmL<RFcLqLcqLML<FLmqqqqXQ,#1#2#3m>>>>fqqqXF#2#2#3,>#5>>>><N:Water,#2#3>>>N:N[0:0.133]>m<<N:Water>LfMN:|[-3:0.324]:+/:>cq,<c<qXrQF,#2#3c>>>F<mN:Water>N:S>rmQLN:|[1:3.498]>N:T:-!:#2:+/:>>N:@[3:5.702]>"
Final F4,3,middle,4,0.3489984540524582,0.0009484119625597917,-0.3480500420898984,feasible,"/*4*/f,mcm<<Qmq<RmLLmLLmL<RFcLqLcqLML<FLmqqqqXQ,#1#2#3m>>>>fqqqXF#2#2#3,>#4>>>><N:Water,#2#3>>>N:N[0:0.133]>m<<N:Water>LfMN:|[-3:0.324]:+/:>cq,<c<qXrQF,#2#3c>>>F<mN:Water>N:S>rmQLN:|[1:3.498]>N:T:-!:#2:+/:>>N:@[3:5.702]>"
Final F4,3,middle,5,0.3489984540524582,1.5151851676898557e-05,-0.34898330220078133,feasible,"/*4*/fmcm<<Qmq<RmLLmLLmL<RFcLqLcqLML<FLmqqqqXQ,#1#2#3m>>>>fqqqXF#2#2#3,>#4>>>><N:Water,#2#3>>>N:N[0:0.133]>m<<N:Water>LfMN:|[-3:0.324]:+/:>cq,<c<qXrQF,#2#3c>>>F<mN:Water>N:S>rmQLN:|[2:4.915]>N:T:-!:#2:+/:>>N:@[3:5.702]>"
Final F4,3,middle,6,0.3489984540524582,0.3498668788733466,0.0008684248208883916,feasible,"/*4*/fmcm<<Qmq<RLLmLLmL<RFcLqLcqLML<FLmqqqqXQ,#1#2#3m>>>>fqqqXF#2#2#3,>#4>>>><N:Water,#2#3>>>N:N[0:0.133]>m<<N:Water>LfMN:|[-3:0.324]:+/:>cq,<c<qXrQF,#2#3c>>>F<mN:Water>N:S>rmQLN:|[1:3.498]>N:T:-!:#2:+/:>>N:@[3:5.702]>"
Final F4,3,middle,7,0.3489984540524582,0.34970661796738145,0.0007081639149232322,feasible,"/*4*/fmcm<<mq<RmLLmLLmL<RFcLqLcqLML<FLmqqqqXQ,#1#2#3m>>>>fqqqXF#2#2#3,>#4>>>><N:Water,#2#3>>>N:N[0:0.133]>m<<N:Water>LfMN:|[-3:0.324]:+/:>cq,<c<qXrQF,#2#3c>>>F<mN:Water>N:S>rmQLN:|[1:3.498]>N:T:-!:#2:+/:>>N:@[3:5.702]>"
Final F4,3,middle,8,0.3489984540524582,0.27802285435372964,-0.07097559969872858,feasible,"/*4*/fmcm<<Qmq<RmLLmLLmL<RFcLqLcqLML<FLmqqqqXQ,#1#2#3m>>>>fqqqXF#2#2#3,>#4>>>><N:Water,#2#3>>>N:N[0:0.133]>m<<N:Water>LfMN:|[-1:-1.306]:+/:>cq,<c<qXrQF,#2#3c>>>F<mN:Water>N:S>rmQLN:|[1:3.498]>N:T:-!:#2:+/:>>N:@[3:5.702]>"
Final F4,3,middle,9,0.3489984540524582,0.3481980401364213,-0.0008004139160369128,feasible,"/*4*/fmcm<<Qmq<RmLLmLLmL<RFcLqLcqLML<FLmqqqqXQ,#1#2#3m>>>>fqqqXF#2#2#3,>#4>>>><N:Water,#2#3>>>N:N[0:0.133]>m<<N:Water>LfMN:|[-3:0.324]:+/:>cq,<c<qXrQF,#2#3c>>>F<mN:Water>N:S>QrmQLN:|[1:3.498]>N:T:-!:#2:+/:>>N:@[3:5.702]>"
Final F4,3,middle,10,0.3489984540524582,0.0015855063816158684,-0.34741294767084235,feasible,"/*4*/fmcm<<Qmq<RmLLmLLmL<RFcLqLc<qLML<FLmqqqqXQ,#1#2#3m>>>>fqqqXF#2#2#3,>#4>>>>dX><N:Water,#2#3>>>N:N[0:0.133]>m<<N:Water>LfMN:|[-3:0.324]:+/:>cq,<c<qXrQF,#2#3c>>>F<mN:Water>N:S>rmQLN:|[1:3.498]>N:T:-!:#2:+/:>>N:@[3:5.702]>"
Final F4,3,middle,11,0.3489984540524582,0.3471620351171997,-0.0018364189352585436,feasible,"/*4*/fmcm<<Qmq<RmLLmLLmL<RFcLqLcqLML<FLmqqqqXQ,#1#2#3m>>>>fqqqXF#2#2#3,>#3>>>><N:Water,#2#3>>>N:N[0:0.133]>m<<N:Water>LfMN:|[-3:0.324]:+/:>cq,<c<qXrQF,#2#3c>>>F<mN:Water>N:S>rmQLN:|[1:3.498]>N:T:-!:#2:+/:>>N:@[3:5.702]>"
Final F4,3,middle,12,0.3489984540524582,0.34777702681536354,-0.0012214272370946744,feasible,"/*4*/fmcm<<Qmq<RmLLmLLmL<RFcLqLcqLML<FLmqqqqXQ,#1#2#3m>>>>fqqqXF#2#2#3,>#4>>>><N:Water,#2#3>>>N:N[0:0.133]>m<<N:Water>LfMN:|[-3:0.324]:+/:>cq,<c<qXrQF,#2#3c>>>F<mN:Water>N:S>rmQLN:|[1:3.498]>N:T:-!:#2:+/:>>N:@[3:5.702]#2>>"
Final F4,3,middle,13,0.3489984540524582,0.01907401786365164,-0.32992443618880657,feasible,"/*4*/fmcm<<Qmq<RmLLmLLmL<RFcLqLcqLML<FLmqqqqXQ,#1#2#3m>>>>fqqqXF#2#2#3,>#4>>>><N:Water,#2#3>>>N:N[0:0.133]>m<<N:Water>LfMN:|[-3:0.324]:+/:>cq,<c<qXrQF,#2#3c>>>F<mRN:Water>N:S>rmQLN:|[1:3.498]>N:T:-!:#2:+/:>>N:@[3:5.702]>"
Final F4,3,middle,14,0.3489984540524582,0.34958036714856067,0.0005819130961024488,feasible,"/*4*/fmcm<<Qmq<RmLLmLLmL<RFcLqLcqLML<FLmqqqqXQ,#1#2#3m>>>>fqqqXF#2#2#3,>#4>>>><N:Water,#2#3>>>N:N[0:0.133]>m<<N:Water>LfMN:|[-3:0.324]:+/:>cq,<c<qXrQF,#2#3c>>>F<mN:Water>N:S>rmQLN:|[1:3.498]>N:T:-!:#1:+/:>>N:@[3:5.702]>"
Final F4,3,middle,15,0.3489984540524582,0.07236686627751085,-0.27663158777494734,feasible,"/*4*/fmcm<<Qmq<RmLLmLLmL<RFcLqLcqLML<LmqqqqXQ,#1#2#3m>>>>fqqqXF#2#2#3,>#4>>>><N:Water,#2#3>>>N:N[0:0.133]>m<<N:Water>LfMN:|[-3:0.324]:+/:>cq,<c<qXrQF,#2#3c>>>F<mN:Water>N:S>rmQLN:|[1:3.498]>N:T:-!:#2:+/:>>N:@[3:5.702]>"
Final F4,3,middle,16,0.3489984540524582,0.0002446265638292226,-0.348753827488629,feasible,"/*4*/fmcm<<Qmq<RmLLmLLmL<RFcLqLcqLML<FLmqqqq<dX>XQ,#1#2#3m>>>>fqqqXF#2#2#3,>#4>>>><N:Water,#2#3>>>N:N[0:0.133]>m<<N:Water>LfMN:|[-3:0.324]:+/:>cq,<c<qXrQF,#2#3c>>>F<mN:Water>N:S>rmQLN:|[1:3.498]>N:T:-!:#2:+/:>>N:@[3:5.702]>"
Final F4,3,middle,17,0.3489984540524582,0.001079149065562868,-0.34791930498689533,feasible,"/*4*/fmcm<<Qmq<RmLLmLLmL<RFcLqLcqLML<FLmqlqqqXQ,#1#2#3m>>>>fqqqXF#2#2#3,>#4>>>><N:Water,#2#3>>>N:N[0:0.133]>m<<N:Water>LfMN:|[-3:0.324]:+/:>cq,<c<qXrQF,#2#3c>>>F<mN:Water>N:S>rmQLN:|[1:3.498]>N:T:-!:#2:+/:>>N:@[3:5.702]>"
Final F4,3,middle,18,0.3489984540524582,0.34865848850893594,-0.00033996554352228037,feasible,"/*4*/fmcm<<Qmq<RmLLmLLfmL<RFcLqLcqLML<FLmqqqqXQ,#1#2#3m>>>>fqqqXF#2#2#3,>#4>>>><N:Water,#2#3>>>N:N[0:0.133]>m<<N:Water>LfMN:|[-3:0.324]:+/:>cq,<c<qXrQF,#2#3c>>>F<mN:Water>N:S>rmQLN:|[1:3.498]>N:T:-!:#2:+/:>>N:@[3:5.702]>"
Final F4,3,middle,19,0.3489984540524582,0.15110287248637846,-0.19789558156607975,feasible,"/*4*/fmcm<<Qmq<RmLLmLLmL<RFcLqLcqLML<FLmqqqqXQ,#1#2#3m>>>>fqqqXF#2#2#3,>#4>>>><N:Water,#2#3>>>N:N[0:0.133]>m<<N:Water>LfMfN:|[-3:0.324]:+/:>cq,<c<qXrQF,#2#3c>>>F<mN:Water>N:S>rmQLN:|[1:3.498]>N:T:-!:#2:+/:>>N:@[3:5.702]>"
Final F4,3,middle,20,0.3489984540524582,0.350415260058029,0.0014168060055707588,feasible,"/*4*/fmcm<<Qmq<RmLLmLLmL<RFcLqLcqLML<FLmqqqqXQ,#1#2#3m>>>>fqqqXF#2#2#3,>#4>>>><N:Water,#2#3>>>LN:N[0:0.133]>m<<N:Water>LfMN:|[-3:0.324]:+/:>cq,<c<qXrQF,#2#3c>>>F<mN:Water>N:S>rmQLN:|[1:3.498]>N:T:-!:#2:+/:>>N:@[3:5.702]>"
Final F4,4,middle,1,0.02063192414400091,0.6299545672250452,0.6093226430810442,feasible,"/*4*/<r<DX><FMML<ML<L<MLL<MLL<LMM<<<rLFL<,,<LL<bX>q<L<X#1>>XRQlF#1#2rrrFMfL>>><QN:|[-2:-1.326]:+!:><l<N:Gpart#2>>N:N,[-6:1.045]><r<N:S>N:Water:+!:>N:Delay[-7:-2.162]>RcLLN:Sin:+!:[5:-4.724]>cN:Sin>N:Sin[-4:1.456]#2>>CN:Sin[8:1.513]>,N:N[-1:-0.788][-1:-3.582]:+!:#2>><N:Water><N:S,>N:N:+=:#2>>N:Water>N:Water>N:N#2>>N:Water>N:Water>N:N:-/:,[15:-2.478][11:-1.977][11:0.432]>"
Final F4,4,middle,2,0.02063192414400091,0.6476472699802928,0.6270153458362918,feasible,"/*4*/<r<DX><FMML<ML<L<MLL<MLL<LMM<<<rLFL<,,<LL<bX>q<L<X#1>>XRQlF#1#2rrrFMfL>>><QN:|[-2:-1.326]:+!:><l<N:Gpart#2>>N:N,[-6:1.045]><r<N:S>N:Water:+!:>N:Delay[-7:-2.162]>RcLLN:Sin:+!:[5:-4.724]>cN:Sin>N:Sin[-4:1.456]#2>>CN:Sin[8:1.513]>,N:N[-1:-0.788][-1:-3.582]:+!:#2>><RN:S,>N:N:+=:#2>>N:Water>N:Water>N:N#2>>N:Water>N:Water>N:N:-/:,[15:-2.478][11:-1.977][11:0.432]>"
Final F4,4,middle,3,0.02063192414400091,0.0017248349602886684,-0.018907089183712242,feasible,"/*4*/<r<DX><FMML<ML<L<MLL<MLL<LMM<<CN:Sin[8:1.513]><rLFL<,,<LL<bX>q<L<X#1>>XRQlF#1#2rrrFMfL>>><QN:|[-2:-1.326]:+!:><l<N:Gpart#2>>N:N,[-6:1.045]><r<N:S>N:Water:+!:>N:Delay[-7:-2.162]>RcLLN:Sin:+!:[5:-4.724]>cN:Sin>N:Sin[-4:1.456]#2>>,N:N[-1:-0.788][-1:-3.582]:+!:#2>><N:S,>N:N:+=:#2>>N:Water>N:Water>N:N#2>>N:Water>N:Water>N:N:-/:,[15:-2.478][11:-1.977][11:0.432]>"
Final F4,4,middle,4,0.02063192414400091,1.4264385502380705,1.4058066260940696,feasible,"/*4*/<r<DX><FMML<ML<N:N#2>>L<MLL<MLL<LMM<<<rLFL<,,<LL<bX>q<L<X#1>>XRQlF#1#2rrrFMfL>>><QN:|[-2:-1.326]:+!:><l<N:Gpart#2>>N:N,[-6:1.045]><r<N:S>N:Water:+!:>N:Delay[-7:-2.162]>RcLLN:Sin:+!:[5:-4.724]>cN:Sin>N:Sin[-4:1.456]#2>>CN:Sin[8:1.513]>,N:N[-1:-0.788][-1:-3.582]:+!:#2>><N:S,>N:N:+=:#2>>N:Water>N:Water>N:Water>N:Water>N:N:-/:,[15:-2.478][11:-1.977][11:0.432]>"
Final F4,4,middle,5,0.02063192414400091,-0.00400952937406107,-0.024641453518061983,feasible,"/*4*/<r<DX><FMML<ML<L<MLL<MLL<LMM<<<rLFL<,,<LL<bX>q<L<X#1>>XRQlF#1#2rrrFMfL>>><QN:|[-2:-1.326]:+!:><l<N:Gpart#2>>N:N,[-6:1.045]><r<N:S>N:Water:+!:>N:Delay[-7:-2.162]>RcL<LN:Sin:+!:[5:-4.724]>N:Sin[-3:2.413]>cN:Sin>N:Sin[-4:1.456]#2>>CN:Sin[8:1.513]>,N:N[-1:-0.788][-1:-3.582]:+!:#2>><N:S,>N:N:+=:#2>>N:Water>N:Water>N:N#2>>N:Water>N:Water>N:N:-/:,[15:-2.478][11:-1.977][11:0.432]>"
Final F4,4,middle,6,0.02063192414400091,0.3337450324337881,0.3131131082897872,feasible,"/*4*/<r<DX><FMML<ML<L<MLL<MLL<LMM<<<rLFL<,,<LL<bX>q<L<X#1>>XRQlF#1#2rrrFMfL>>><QN:|[-2:-1.326]:+!:><l<N:Gpart#2>>N:N,[-6:1.045]><rN:Water:+!:>N:Delay[-7:-2.162]>RcLLN:Sin:+!:[5:-4.724]>cN:Sin>N:Sin[-4:1.456]#2>>CN:Sin[8:1.513]>,N:N[-1:-0.788][-1:-3.582]:+!:#2>><N:S,>N:N:+=:#2>>N:Water>N:Water>N:N#2>>N:Water>N:Water>N:N:-/:,[15:-2.478][11:-1.977][11:0.432]>"
Final F4,4,middle,7,0.02063192414400091,1.4777960223568545,1.4571640982128535,feasible,"/*4*/<r<DX><FMML<ML<L<MLL<MLL<LMM<<<rLFL<,,<LL<bX>q<L<X#1>>XRQlF#1#2rrrFMfL>>><QN:|[-2:-1.326]:+!:><l<N:Gpart#2>>N:N,[-6:1.045]><r<N:S>N:Water:+!:>N:Delay[-7:-2.162]>RcLLN:Sin:+!:[5:-4.724]>cN:Sin>N:Sin[-4:1.456]#2>>CN:Sin[8:1.513]>,N:N[-1:-0.788][-1:-3.582]:+!:#2>><N:S,>N:N:+=:#2>>N:Water>N:Water>N:N#2>>N:Water>N:Water>N:N:-/:[15:-2.478][11:-1.977][11:0.432]>"
Final F4,4,middle,8,0.02063192414400091,1.476602474984537,1.455970550840536,feasible,"/*4*/<r<DX><QFMML<ML<L<MLL<MLL<LMM<<<rLFL<,,<LL<bX>q<L<X#1>>XRQlF#1#2rrrFMfL>>><QN:|[-2:-1.326]:+!:><l<N:Gpart#2>>N:N,[-6:1.045]><r<N:S>N:Water:+!:>N:Delay[-7:-2.162]>RcLLN:Sin:+!:[5:-4.724]>cN:Sin>N:Sin[-4:1.456]#2>>CN:Sin[8:1.513]>,N:N[-1:-0.788][-1:-3.582]:+!:#2>><N:S,>N:N:+=:#2>>N:Water>N:Water>N:N#2>>N:Water>N:Water>N:N:-/:,[15:-2.478][11:-1.977][11:0.432]>"
Final F4,4,middle,9,0.02063192414400091,0.7871006226621846,0.7664686985181837,feasible,"/*4*/<r<DX><FMML<ML<L<MLL<MLL<LMM<<<rLFL<,,<LL<bX>q<L<X#1>>XRQlF#1#2rrrFMfL>>><QN:|[-2:-1.326]:+!:><<r<N:S>N:Water:+!:>N:Delay[-7:-2.162]>l<N:Gpart#2>>N:N,[-6:1.045]>RcLLN:Sin:+!:[5:-4.724]>cN:Sin>N:Sin[-4:1.456]#2>>CN:Sin[8:1.513]>,N:N[-1:-0.788][-1:-3.582]:+!:#2>><N:S,>N:N:+=:#2>>N:Water>N:Water>N:N#2>>N:Water>N:Water>N:N:-/:,[15:-2.478][11:-1.977][11:0.432]>"
Final F4,4,middle,10,0.02063192414400091,1.4775919609001023,1.4569600367561013,feasible,"/*4*/<r<DX><FMML<ML<L<MLL<MLL<LMM<<<rLFL<,,<LL<bX>q<L<X#1>>XRQlF#1#2rrrFMfL>>><QN:|[-2:-1.326]:+!:><l<N:Gpart>N:N,[-6:1.045]><r<N:S>N:Water:+!:>N:Delay[-7:-2.162]>RcLLN:Sin:+!:[5:-4.724]>cN:Sin>N:Sin[-4:1.456]#2>>CN:Sin[8:1.513]>,N:N[-1:-0.788][-1:-3.582]:+!:#2>><N:S,>N:N:+=:#2>>N:Water>N:Water>N:N#2>>N:Water>N:Water>N:N:-/:,[15:-2.478][11:-1.977][11:0.432]>"
Final F4,4,middle,11,0.02063192414400091,0.32730344617322876,0.30667152202922787,feasible,"/*4*/<r<DX><FMMLL<ML<L<MLL<MLL<LMM<<<rLFL<,,<LL<bX>q<L<X#1>>XRQlF#1#2rrrFMfL>>><QN:|[-2:-1.326]:+!:><l<N:Gpart#2>>N:N,[-6:1.045]><r<N:S>N:Water:+!:>N:Delay[-7:-2.162]>RcLLN:Sin:+!:[5:-4.724]>cN:Sin>N:Sin[-4:1.456]#2>>CN:Sin[8:1.513]>,N:N[-1:-0.788][-1:-3.582]:+!:#2>><N:S,>N:N:+=:#2>>N:Water>N:Water>N:N#2>>N:Water>N:Water>N:N:-/:,[15:-2.478][11:-1.977][11:0.432]>"
Final F4,4,middle,12,0.02063192414400091,-0.004620683062074551,-0.025252607206075462,feasible,"/*4*/<r<DX><FMML<ML<L<MLL<MLL<LMM<<<rLFL<,,<LLr<bX>q<L<X#1>>XRQlF#1#2rrrFMfL>>><QN:|[-2:-1.326]:+!:><l<N:Gpart#2>>N:N,[-6:1.045]><r<N:S>N:Water:+!:>N:Delay[-7:-2.162]>RcLLN:Sin:+!:[5:-4.724]>cN:Sin>N:Sin[-4:1.456]#2>>CN:Sin[8:1.513]>,N:N[-1:-0.788][-1:-3.582]:+!:#2>><N:S,>N:N:+=:#2>>N:Water>N:Water>N:N#2>>N:Water>N:Water>N:N:-/:,[15:-2.478][11:-1.977][11:0.432]>"
Final F4,4,middle,13,0.02063192414400091,0.3695841433027765,0.3489522191587756,feasible,"/*4*/<rF<DX><FMML<ML<L<MLL<MLL<LMM<<<rLFL<,,<LL<bX>q<L<X#1>>XRQlF#1#2rrrFMfL>>><QN:|[-2:-1.326]:+!:><l<N:Gpart#2>>N:N,[-6:1.045]><r<N:S>N:Water:+!:>N:Delay[-7:-2.162]>RcLLN:Sin:+!:[5:-4.724]>cN:Sin>N:Sin[-4:1.456]#2>>CN:Sin[8:1.513]>,N:N[-1:-0.788][-1:-3.582]:+!:#2>><N:S,>N:N:+=:#2>>N:Water>N:Water>N:N#2>>N:Water>N:Water>N:N:-/:,[15:-2.478][11:-1.977][11:0.432]>"
Final F4,4,middle,14,0.02063192414400091,1.4770033328844907,1.4563714087404898,feasible,"/*4*/<r<DX><FMML<ML<L<MLL<MLL<LMM<<<rLFL<,,<LL<bX>q<L<X#1>>XRQlF#1#2rrrFMfL>>><QN:|[-2:-1.326]:+!:><l<N:Gpart#2>>N:N,[-6:1.045]><r<N:S>N:Water>N:Delay[-7:-2.162]>RcLLN:Sin:+!:[5:-4.724]>cN:Sin>N:Sin[-4:1.456]#2>>CN:Sin[8:1.513]>,N:N[-1:-0.788][-1:-3.582]:+!:#2>><N:S,>N:N:+=:#2>>N:Water>N:Water>N:N#2>>N:Water>N:Water>N:N:-/:,[15:-2.478][11:-1.977][11:0.432]>"
Final F4,4,middle,15,0.02063192414400091,-0.0066867339785018675,-0.027318658122502778,feasible,"/*4*/<r<DX><FMML<ML<L<MLL<MLL<LMM<<<rLFL<,,<LL<bX>q<LL<X#1>>XRQlF#1#2rrrFMfL>>><QN:|[-2:-1.326]:+!:><l<N:Gpart#2>>N:N,[-6:1.045]><r<N:S>N:Water:+!:>N:Delay[-7:-2.162]>RcLLN:Sin:+!:[5:-4.724]>cN:Sin>N:Sin[-4:1.456]#2>>CN:Sin[8:1.513]>,N:N[-1:-0.788][-1:-3.582]:+!:#2>><N:S,>N:N:+=:#2>>N:Water>N:Water>N:N#2>>N:Water>N:Water>N:N:-/:,[15:-2.478][11:-1.977][11:0.432]>"
Final F4,4,middle,16,0.02063192414400091,1.0457028169542666,1.0250708928102656,feasible,"/*4*/<r<DX><FMML<ML<L<MLL<MLL<LMM<<<rLFL<,,<LL<bX>q<L<X#1>>XRQlF#1#1rrrFMfL>>><QN:|[-2:-1.326]:+!:><l<N:Gpart#2>>N:N,[-6:1.045]><r<N:S>N:Water:+!:>N:Delay[-7:-2.162]>RcLLN:Sin:+!:[5:-4.724]>cN:Sin>N:Sin[-4:1.456]#2>>CN:Sin[8:1.513]>,N:N[-1:-0.788][-1:-3.582]:+!:#2>><N:S,>N:N:+=:#2>>N:Water>N:Water>N:N#2>>N:Water>N:Water>N:N:-/:,[15:-2.478][11:-1.977][11:0.432]>"
Final F4,4,middle,17,0.02063192414400091,0.1799782996453927,0.15934637550139177,feasible,"/*4*/<r<DX><FMML<ML<L<MLL<MLL<LMM<<<rLFL<,,<LL<bX>q<L<X#1>>XRQlF#1#2rrrFMfL>>><QN:|[-2:-1.326]:+!:><l<N:Gpart#2>>N:N,[-6:1.045]><r<N:S>N:Water:+!:>N:Delay[-7:-2.162]>RcLLN:Sin:+!:[5:-4.724]>cN:Sin>N:Sin[-4:1.456]#2>>CN:Sin[8:1.513]>,N:N[-1:-0.788][-1:-3.582]:+!:#2>><N:S,>N:N:+=:#2>>N:Water>N:Water>N:N#2>>N:Water>N:Water>N:N:-/:,:+!:[15:-2.478][11:-1.977][11:0.432]>"
Final F4,4,middle,18,0.02063192414400091,1.136820190214906,1.116188266070905,feasible,"/*4*/<r<DX><FMMML<ML<L<MLL<MLL<LMM<<<rLFL<,,<LL<bX>q<L<X#1>>XRQlF#1#2rrrFMfL>>><QN:|[-2:-1.326]:+!:><l<N:Gpart#2>>N:N,[-6:1.045]><r<N:S>N:Water:+!:>N:Delay[-7:-2.162]>RcLLN:Sin:+!:[5:-4.724]>cN:Sin>N:Sin[-4:1.456]#2>>CN:Sin[8:1.513]>,N:N[-1:-0.788][-1:-3.582]:+!:#2>><N:S,>N:N:+=:#2>>N:Water>N:Water>N:N#2>>N:Water>N:Water>N:N:-/:,[15:-2.478][11:-1.977][11:0.432]>"
Final F4,4,middle,19,0.02063192414400091,0.7669353188254283,0.7463033946814274,feasible,"/*4*/<r<DX><FMML<ML<L<MLL<MLL<LMM<<<rLFL<,,<LL<bX>q<L<X#1>>XRQlF#1#2rBrrFMfL>>><QN:|[-2:-1.326]:+!:><l<N:Gpart#2>>N:N,[-6:1.045]><r<N:S>N:Water:+!:>N:Delay[-7:-2.162]>RcLLN:Sin:+!:[5:-4.724]>cN:Sin>N:Sin[-4:1.456]#2>>CN:Sin[8:1.513]>,N:N[-1:-0.788][-1:-3.582]:+!:#2>><N:S,>N:N:+=:#2>>N:Water>N:Water>N:N#2>>N:Water>N:Water>N:N:-/:,[15:-2.478][11:-1.977][11:0.432]>"
Final F4,4,middle,20,0.02063192414400091,0.15235655569746182,0.1317246315534609,feasible,"/*4*/<r<DX>FMML<ML<L<MLL<MLL<LMM<<<rLFL<,,<LL<bX>q<L<X#1>>XRQlF#1#2rrrFMfL>>><QN:|[-2:-1.326]:+!:><l<N:Gpart#2>>N:N,[-6:1.045]><r<N:S>N:Water:+!:>N:Delay[-7:-2.162]>RcLLN:Sin:+!:[5:-4.724]>cN:Sin>N:Sin[-4:1.456]#2>>CN:Sin[8:1.513]>,N:N[-1:-0.788][-1:-3.582]:+!:#2>><N:S,>N:N:+=:#2>>N:Water>N:Water>N:N#2>>N:Water>N:N:-/:,[15:-2.478][11:-1.977][11:0.432]>"
Final F4,5,best,1,0.515188302114261,0.599614301620056,0.08442599950579499,feasible,/*4*/lLL<<gX><<X><X>LM<XrrmQM>L<MFDX>N:|:-!:[-1:1.887]#1>>N:Sin>N:@>
Final F4,5,best,2,0.515188302114261,0.05119030651453873,-0.4639979955997223,feasible,/*4*/lLL<<gX><<X><X>LM<XrrmQM>L<MFDX>N:|:-!:[-1:1.887]>N:Sin>N:@>
Final F4,5,best,3,0.515188302114261,0.14371724538355882,-0.37147105673070224,feasible,/*4*/lLL<<gRX><<X><X>LM<XrrmQM>L<MFDX>N:|:-!:[-1:1.887]#1>>N:Sin>N:@>
Final F4,5,best,4,0.515188302114261,0.020996804540912507,-0.4941914975733485,feasible,/*4*/lLL<<<gX><<X><X>LM<XrrmQM>L<MFDX>N:|:-!:[-1:1.887]#1>>N:Sin>N:@>dX>
Final F4,5,best,5,0.515188302114261,1.9160029250478183,1.4008146229335572,feasible,/*4*/lLL<<gX><<X><fX>LM<XrrmQM>L<MFDX>N:|:-!:[-1:1.887]#1>>N:Sin>N:@>
Final F4,5,best,6,0.515188302114261,-6.854787639615167e-08,-0.5151883706621374,feasible,/*4*/lLL<gX>N:@>
Final F4,5,best,7,0.515188302114261,0.22038598103775384,-0.29480232107650717,feasible,/*4*/lLL<<gX><<X><X>LM<XrrmQM><dX>L<MFDX>N:|:-!:[-1:1.887]#1>>N:Sin>N:@>
Final F4,5,best,8,0.515188302114261,0.8519399483140631,0.336751646199802,feasible,/*4*/lLL<<gX>f<<X><X>LM<XrrmQM>L<MFDX>N:|:-!:[-1:1.887]#1>>N:Sin>N:@>
Final F4,5,best,9,0.515188302114261,0.14860644908023818,-0.36658185303402285,feasible,/*4*/lLL<<gX><<X><X>LML<XrrmQM>L<MFDX>N:|:-!:[-1:1.887]#1>>N:Sin>N:@>
Final F4,5,best,10,0.515188302114261,1.0261903581856913,0.5110020560714302,feasible,/*4*/lLL<<gX><<X><X>LM<XrrmQ>L<MFDX>N:|:-!:[-1:1.887]#1>>N:Sin>N:@>
Final F4,5,best,11,0.515188302114261,0.08395351294530462,-0.4312347891689564,feasible,/*4*/lLL<<gX><<X><X>LM<XrrmQM>L<MDX>N:|:-!:[-1:1.887]#1>>N:Sin>N:@>
Final F4,5,best,12,0.515188302114261,0.950204716223701,0.4350164141094399,feasible,/*4*/lLLr<<gX><<X><X>LM<XrrmQM>L<MFDX>N:|:-!:[-1:1.887]#1>>N:Sin>N:@>
Final F4,5,best,13,0.515188302114261,0.044014865468978495,-0.47117343664528255,feasible,/*4*/lLL<<gX><<X><X>LM<L<MFDX>N:|:-!:[-1:1.887]#1>>XrrmQM>N:Sin>N:@>
Final F4,5,best,14,0.515188302114261,0.04161823567582591,-0.47357006643843513,feasible,/*4*/lLL<<gX><<X><X>LM<XrrmQM>L<N:|:-!:[-1:1.887]#1>>MFDX>N:Sin>N:@>
Final F4,5,best,15,0.515188302114261,0.1507023763054196,-0.3644859258088414,feasible,/*4*/rlLL<<gX><<X><X>LM<XrrmQM>L<MFDX>N:|:-!:[-1:1.887]#1>>N:Sin>N:@>
Final F4,5,best,16,0.515188302114261,0.25606979513992334,-0.2591185069743377,feasible,/*4*/lLL<<gX><<X><X>LM<XrrmQM>L<MFDX>N:|:-!:[-1:1.887]#1>>N:Sin>N:@[1:0.027]>
Final F4,5,best,17,0.515188302114261,0.5221416060041258,0.006953303889864815,feasible,/*4*/lLL<<gX><<X><X>LM<XrrmQM><MFDX>N:|:-!:[-1:1.887]#1>>N:Sin>N:@>
Final F4,5,best,18,0.515188302114261,0.09639548533360734,-0.4187928167806537,feasible,/*4*/lLL<<<<X><X>LM<XrrmQM>L<MFDX>N:|:-!:[-1:1.887]#1>>N:Sin>gX>N:@>
Final F4,5,best,19,0.515188302114261,0.10481733749328323,-0.4103709646209778,feasible,/*4*/lLL<<gX><<X><X>LM<XrrmQM>L<MFDX>N:|:-!:[-1:1.887]#1>>N:Sin>N:@[1:-0.461]>
Final F4,5,best,20,0.515188302114261,0.27511682502861473,-0.2400714770856463,feasible,/*4*/lLL<<gX><<X><X>LM<XrrmQM>L<MFQDX>N:|:-!:[-1:1.887]#1>>N:Sin>N:@>
