genotype_index,genotype,perfperiod,lifespan,distance,velocity
0,X,1,10000.0,0.0,0.0
1,X(X),1,10000.0,0.0,0.0
2,"RXX(X,CXXX)",1,10000.0,7.580547458683738e-10,7.580547458683738e-14
3,"XrrX[G][-1:80][|,-1:0.9]X[|,-2:-21]",1,10000.0,80.94161391937038,0.00809416139193704
4,"(rrX(lX(llX[T:1],),lXMMMMX[|1:2,-1:-3]rrX[T:-0.407](LlX,,LlX),))",1,10000.0,90.80451489723727,0.009080451489723727
5,"bDdgX(X[@0:1.524][|1:-2.379], rrLC(rX[|T:2.114], rrrLX[|T:2.114], rrrLX[|T:3.939], rLMX[|T:2.936, -1:-0.812], rLMXFX[@1:-1.040][0:-1.331][|G:1.849][T:-2.607], rLMXFcCX[@1:2.227][0:-1.331][|G:1.849], rLMXFcCX[@0:-2.675, -1:-483.403, 1:-822.175][|G:2.389], X))",1,10000.0,359.6543997690667,0.03596543997690667
6,"X(X, RRMMX[@G:.5](X[@G:.5], X))",1,10000.0,2.3032691839424073,0.00023032691839424075
7,"FFX[G:-5.141,in:0]MMX[|-1:8.097,in:0.8,fo:0.04]X[|-1:1.768,fo:1]RRX(X, X)",1,10000.0,166.02648864483723,0.016602648864483725
8,"RRLLLLFFFFX[*][Sin][N,-1:-14.52,-2:3.977,in:0.907657]lllffffX[|,-1:52.083,p:1,r:0.886]RRFFFFXllllF(llllFFFF(llllX,llllFFFFX))",1,10000.0,140.8583165686685,0.014085831656866853
9,"X(X,)",1,10000.0,0.0,0.0
10,"RXX(X,CcXXX)",1,10000.0,1.3424251842905418e-11,1.3424251842905418e-15
11,"X[S]rrX[G][-1:80][|, -1:0.9]X[|, -2:-21]",1,10000.0,91.12910535109499,0.0091129105351095
12,"(rrX(lX(llX[T:1],),lXMMMMX[|1:1.378,-1:-3]rrX[T:-0.407](LlX,,LlX),))",1,10000.0,39.40328441486708,0.003940328441486708
13,"bDdgX(X[@0:1.524][|1:-2.379], rrLC(rX[|T:2.114], rrrLX[|T:2.114], rrrLX[|T:3.939], rLMX[|T:2.936, -1:-0.812], rLMXFX[@1:-1.040][0:-1.331][|G:1.849][T:-2.607], rLMXFcCX[@1:2.227][N][|G:1.849], rLMXFcCX[@0:-2.675, -1:-483.403, 1:-822.175][|G:2.389], X))",1,10000.0,342.5107040366084,0.03425107040366084
14,"X(X, RRMMX[@G:.5](X[@G:.5,-1:1], X))",1,10000.0,36.18518992988688,0.003618518992988688
15,"FFX[G:-5.141,in:0]MMX[|-1:8.097,in:0.8,fo:0.04]X[|-1:-1.898,fo:1]RRX(X, X)",1,10000.0,0.698462894821171,6.98462894821171e-05
16,"RRLLLLFFFFX[*][Sin][N,-1:-14.52,-2:3.977,in:0.907657]lllffffX[|,-1:52.083,p:1,r:0.886]RRFFFFXllllF(llllFFFF(lllllX,llllFFFFX))",1,10000.0,140.94523416676685,0.014094523416676684
17,RXX(XCcXXX),1,10000.0,0.00387136458374084,3.87136458374084e-07
18,"X[S]rrX[G][-1:80][|, -1:-0.027]X[|, -2:-21]",1,10000.0,29.756939644307028,0.0029756939644307026
19,"(rrX(lX(llX[T:1],),lXMMMMX[|1:1.378,-1:-3]rrX[T:-0.407]l(LlX,,LlX),))",1,10000.0,24.209276364146973,0.0024209276364146972
20,"bDdgX(X[@0:1.524][|1:-2.379], rrLC(rX[|T:2.114], rrrLX[|T:2.114], rrrLX[|T:3.939], rLMX[|T:2.936, -1:-0.812], rLMXFX[@1:-1.040][0:-1.331][|G:1.849][T:-2.607], rLMXFcCX[@1:2.227][N][|G:3.838], rLMXFcCX[@0:-2.675, -1:-483.403, 1:-822.175][|G:2.389], X))",1,10000.0,355.45327128131555,0.03554532712813156
21,"X(X, RRMMX[@G:0.738](X[@G:.5,-1:1], X))",1,10000.0,180.40657898265,0.018040657898265
22,"FFX[G:-8.903,in:0]MMX[|-1:8.097,in:0.8,fo:0.04]X[|-1:-1.898,fo:1]RRX(X, X)",1,10000.0,0.6885953452906378,6.885953452906378e-05
23,"RRLLLLFFFFX[*][Sin][N,-1:-14.52,-2:3.977,in:0.907657]lllffffX[|,-1:49.545,p:1,r:0.886]RRFFFFXllllF(llllFFFF(lllllX,llllFFFFX))",1,10000.0,140.94523416675227,0.014094523416675227
24,RXX(XCcX[S]XX),1,10000.0,0.0038713645788060053,3.871364578806005e-07
25,"X[S]rrX[G][-1:80][|, -1:-0.027]X[|, -2:-20.549]",1,10000.0,27.583356197078444,0.0027583356197078443
26,"(rrX(lX(llX,),lXMMMMX[|1:1.378]rrX[T:-0.407]l(LlX,,LlX),))",1,10000.0,0.024840730227378614,2.4840730227378617e-06
27,"bDdgX(X[@0:1.524][|1:-4.885], rrLC(rX[|T:2.114], rrrLX[|T:2.114], rrrLX[|T:3.939], rLMX[|T:2.936, -1:-0.812], rLMXFX[@1:-1.040][0:-1.331][|G:1.849][T:-2.607], rLMXFcCX[@1:2.227][N][|G:3.838], rLMXFcCX[@0:-2.675, -1:-483.403, 1:-822.175][|G:2.389], X))",1,10000.0,350.7984806371727,0.035079848063717264
28,"X(X, RRMMX[@G:0.738](X[@G:-0.553,-1:1], X))",1,10000.0,182.1633140188031,0.01821633140188031
29,"FFX[G:-8.903,in:0]MMX[|-1:11.318,in:0.8,fo:0.04]X[|-1:-1.898,fo:1]RRX(X, X)",1,10000.0,1.8967980457696645,0.00018967980457696646
30,"RRLLLLFFFFX[*][Sin][N,-1:-14.52,-2:3.977,in:0.907657]lllffffX[|,-1:49.545,p:1,r:0.886]RRFFFFXllllF(llllFFFF(lllllXllllFFFFX))",1,10000.0,14.603889496461552,0.001460388949646155
31,RXX(XCcLX[S]XX),1,10000.0,0.0020376829818546304,2.0376829818546305e-07
32,"X[S]rrX[G][-1:80][|, -1:-0.027]X[|, -2:-23.499]",1,10000.0,44.7326459820315,0.00447326459820315
33,"(rrX(lX(llX,),lXMMMMX[|1:1.378,s:0]rrX[T:-0.407]l(LlX,,LlX),))",1,10000.0,0.028095494013323907,2.809549401332391e-06
34,"bDdgX(X[@0:1.524][|1:-4.885], rrLC(rX[|T:2.114], rrrLX[|T:2.114], rrrLX[|T:3.939], rLMX[|T:2.936, -1:-0.812], rLMXFX[@1:-1.040][0:-2.097][|G:1.849][T:-2.607], rLMXFcCX[@1:2.227][N][|G:3.838], rLMXFcCX[@0:-2.675, -1:-483.403, 1:-822.175][|G:2.389], X))",1,10000.0,349.5146653228865,0.03495146653228865
35,"X(X, RRMMX[@G:0.738](X[@G:-0.553,-1:0.623], X))",1,10000.0,181.87137649676976,0.018187137649676978
36,"FFX[G:-8.903,in:0]MMX[|-1:11.318,in:0.8,fo:0.04]X[|-1:-1.206,fo:1]RRX(X, X)",1,10000.0,1.111974916415491,0.00011119749164154909
37,"RRLLLLFFFFX[*][Sin][N,-1:-19.155,-2:3.977,in:0.907657]lllffffX[|,-1:49.545,p:1,r:0.886]RRFFFFXllllF(llllFFFF(lllllXllllFFFFX))",1,10000.0,13.565867048352173,0.0013565867048352172
38,XX(XCcLX[S]XX),1,10000.0,0.0,0.0
39,"X[S]rrX[G][-1:80][|, -1:-0.027]fX[|, -2:-23.499]",1,10000.0,45.57513103765694,0.004557513103765694
0,X,20,10000.0,0.0,0.0
1,X(X),20,10000.0,0.0,0.0
2,"RXX(X,CXXX)",20,10000.0,1.6074651626476342e-10,1.607465162647634e-14
3,"XrrX[G][-1:80][|,-1:0.9]X[|,-2:-21]",20,10000.0,47.85149925468956,0.004785149925468956
4,"(rrX(lX(llX[T:1],),lXMMMMX[|1:2,-1:-3]rrX[T:-0.407](LlX,,LlX),))",20,10000.0,58.97519056003284,0.005897519056003285
5,"bDdgX(X[@0:1.524][|1:-2.379], rrLC(rX[|T:2.114], rrrLX[|T:2.114], rrrLX[|T:3.939], rLMX[|T:2.936, -1:-0.812], rLMXFX[@1:-1.040][0:-1.331][|G:1.849][T:-2.607], rLMXFcCX[@1:2.227][0:-1.331][|G:1.849], rLMXFcCX[@0:-2.675, -1:-483.403, 1:-822.175][|G:2.389], X))",20,10000.0,312.2634597098211,0.03122634597098211
6,"X(X, RRMMX[@G:.5](X[@G:.5], X))",20,10000.0,1.9682422106162962,0.00019682422106162963
7,"FFX[G:-5.141,in:0]MMX[|-1:8.097,in:0.8,fo:0.04]X[|-1:1.768,fo:1]RRX(X, X)",20,10000.0,61.421858788957024,0.006142185878895702
8,"RRLLLLFFFFX[*][Sin][N,-1:-14.52,-2:3.977,in:0.907657]lllffffX[|,-1:52.083,p:1,r:0.886]RRFFFFXllllF(llllFFFF(llllX,llllFFFFX))",20,10000.0,101.51394045309661,0.01015139404530966
9,"X(X,)",20,10000.0,0.0,0.0
10,"RXX(X,CcXXX)",20,10000.0,1.064088731489458e-12,1.0640887314894579e-16
11,"X[S]rrX[G][-1:80][|, -1:0.9]X[|, -2:-21]",20,10000.0,44.38933876155983,0.004438933876155983
12,"(rrX(lX(llX[T:1],),lXMMMMX[|1:1.378,-1:-3]rrX[T:-0.407](LlX,,LlX),))",20,10000.0,23.8506173326941,0.0023850617332694104
13,"bDdgX(X[@0:1.524][|1:-2.379], rrLC(rX[|T:2.114], rrrLX[|T:2.114], rrrLX[|T:3.939], rLMX[|T:2.936, -1:-0.812], rLMXFX[@1:-1.040][0:-1.331][|G:1.849][T:-2.607], rLMXFcCX[@1:2.227][N][|G:1.849], rLMXFcCX[@0:-2.675, -1:-483.403, 1:-822.175][|G:2.389], X))",20,10000.0,233.4130516965168,0.02334130516965168
14,"X(X, RRMMX[@G:.5](X[@G:.5,-1:1], X))",20,10000.0,8.479694078933548,0.0008479694078933548
15,"FFX[G:-5.141,in:0]MMX[|-1:8.097,in:0.8,fo:0.04]X[|-1:-1.898,fo:1]RRX(X, X)",20,10000.0,0.5489846491651977,5.489846491651977e-05
16,"RRLLLLFFFFX[*][Sin][N,-1:-14.52,-2:3.977,in:0.907657]lllffffX[|,-1:52.083,p:1,r:0.886]RRFFFFXllllF(llllFFFF(lllllX,llllFFFFX))",20,10000.0,101.57580792127087,0.010157580792127086
17,RXX(XCcXXX),20,10000.0,0.0023470373818333264,2.3470373818333264e-07
18,"X[S]rrX[G][-1:80][|, -1:-0.027]X[|, -2:-21]",20,10000.0,27.369672039000164,0.0027369672039000165
19,"(rrX(lX(llX[T:1],),lXMMMMX[|1:1.378,-1:-3]rrX[T:-0.407]l(LlX,,LlX),))",20,10000.0,19.523669951882123,0.0019523669951882123
20,"bDdgX(X[@0:1.524][|1:-2.379], rrLC(rX[|T:2.114], rrrLX[|T:2.114], rrrLX[|T:3.939], rLMX[|T:2.936, -1:-0.812], rLMXFX[@1:-1.040][0:-1.331][|G:1.849][T:-2.607], rLMXFcCX[@1:2.227][N][|G:3.838], rLMXFcCX[@0:-2.675, -1:-483.403, 1:-822.175][|G:2.389], X))",20,10000.0,331.62800895881423,0.03316280089588142
21,"X(X, RRMMX[@G:0.738](X[@G:.5,-1:1], X))",20,10000.0,163.36016769261403,0.0163360167692614
22,"FFX[G:-8.903,in:0]MMX[|-1:8.097,in:0.8,fo:0.04]X[|-1:-1.898,fo:1]RRX(X, X)",20,10000.0,2.1252629197642166,0.00021252629197642166
23,"RRLLLLFFFFX[*][Sin][N,-1:-14.52,-2:3.977,in:0.907657]lllffffX[|,-1:49.545,p:1,r:0.886]RRFFFFXllllF(llllFFFF(lllllX,llllFFFFX))",20,10000.0,101.57580792127217,0.010157580792127217
24,RXX(XCcX[S]XX),20,10000.0,0.0023470373819727813,2.3470373819727811e-07
25,"X[S]rrX[G][-1:80][|, -1:-0.027]X[|, -2:-20.549]",20,10000.0,23.881023280513844,0.0023881023280513843
26,"(rrX(lX(llX,),lXMMMMX[|1:1.378]rrX[T:-0.407]l(LlX,,LlX),))",20,10000.0,0.01616935990558016,1.616935990558016e-06
27,"bDdgX(X[@0:1.524][|1:-4.885], rrLC(rX[|T:2.114], rrrLX[|T:2.114], rrrLX[|T:3.939], rLMX[|T:2.936, -1:-0.812], rLMXFX[@1:-1.040][0:-1.331][|G:1.849][T:-2.607], rLMXFcCX[@1:2.227][N][|G:3.838], rLMXFcCX[@0:-2.675, -1:-483.403, 1:-822.175][|G:2.389], X))",20,10000.0,328.0890687056902,0.03280890687056902
28,"X(X, RRMMX[@G:0.738](X[@G:-0.553,-1:1], X))",20,10000.0,164.44066039961996,0.016444066039961996
29,"FFX[G:-8.903,in:0]MMX[|-1:11.318,in:0.8,fo:0.04]X[|-1:-1.898,fo:1]RRX(X, X)",20,10000.0,1.414738107942242,0.00014147381079422422
30,"RRLLLLFFFFX[*][Sin][N,-1:-14.52,-2:3.977,in:0.907657]lllffffX[|,-1:49.545,p:1,r:0.886]RRFFFFXllllF(llllFFFF(lllllXllllFFFFX))",20,10000.0,10.942934806264843,0.0010942934806264842
31,RXX(XCcLX[S]XX),20,10000.0,0.0011116417627616369,1.1116417627616369e-07
32,"X[S]rrX[G][-1:80][|, -1:-0.027]X[|, -2:-23.499]",20,10000.0,25.1940300321322,0.00251940300321322
33,"(rrX(lX(llX,),lXMMMMX[|1:1.378,s:0]rrX[T:-0.407]l(LlX,,LlX),))",20,10000.0,0.02271112793551503,2.2711127935515034e-06
34,"bDdgX(X[@0:1.524][|1:-4.885], rrLC(rX[|T:2.114], rrrLX[|T:2.114], rrrLX[|T:3.939], rLMX[|T:2.936, -1:-0.812], rLMXFX[@1:-1.040][0:-2.097][|G:1.849][T:-2.607], rLMXFcCX[@1:2.227][N][|G:3.838], rLMXFcCX[@0:-2.675, -1:-483.403, 1:-822.175][|G:2.389], X))",20,10000.0,336.729745393719,0.0336729745393719
35,"X(X, RRMMX[@G:0.738](X[@G:-0.553,-1:0.623], X))",20,10000.0,163.99842354554605,0.016399842354554606
36,"FFX[G:-8.903,in:0]MMX[|-1:11.318,in:0.8,fo:0.04]X[|-1:-1.206,fo:1]RRX(X, X)",20,10000.0,0.7186539282010754,7.186539282010754e-05
37,"RRLLLLFFFFX[*][Sin][N,-1:-19.155,-2:3.977,in:0.907657]lllffffX[|,-1:49.545,p:1,r:0.886]RRFFFFXllllF(llllFFFF(lllllXllllFFFFX))",20,10000.0,10.862185953572851,0.001086218595357285
38,XX(XCcLX[S]XX),20,10000.0,0.0,0.0
39,"X[S]rrX[G][-1:80][|, -1:-0.027]fX[|, -2:-23.499]",20,10000.0,22.291033320285916,0.0022291033320285918
0,X,100,10000.0,0.0,0.0
1,X(X),100,10000.0,0.0,0.0
2,"RXX(X,CXXX)",100,10000.0,1.6051526391352296e-10,1.6051526391352297e-14
3,"XrrX[G][-1:80][|,-1:0.9]X[|,-2:-21]",100,10000.0,18.295214875584247,0.0018295214875584246
4,"(rrX(lX(llX[T:1],),lXMMMMX[|1:2,-1:-3]rrX[T:-0.407](LlX,,LlX),))",100,10000.0,10.278116588464275,0.0010278116588464275
5,"bDdgX(X[@0:1.524][|1:-2.379], rrLC(rX[|T:2.114], rrrLX[|T:2.114], rrrLX[|T:3.939], rLMX[|T:2.936, -1:-0.812], rLMXFX[@1:-1.040][0:-1.331][|G:1.849][T:-2.607], rLMXFcCX[@1:2.227][0:-1.331][|G:1.849], rLMXFcCX[@0:-2.675, -1:-483.403, 1:-822.175][|G:2.389], X))",100,10000.0,161.22642304359903,0.0161226423043599
6,"X(X, RRMMX[@G:.5](X[@G:.5], X))",100,10000.0,0.7225514255416465,7.225514255416465e-05
7,"FFX[G:-5.141,in:0]MMX[|-1:8.097,in:0.8,fo:0.04]X[|-1:1.768,fo:1]RRX(X, X)",100,10000.0,2.539232618957999,0.0002539232618957999
8,"RRLLLLFFFFX[*][Sin][N,-1:-14.52,-2:3.977,in:0.907657]lllffffX[|,-1:52.083,p:1,r:0.886]RRFFFFXllllF(llllFFFF(llllX,llllFFFFX))",100,10000.0,38.58934976541785,0.0038589349765417854
9,"X(X,)",100,10000.0,0.0,0.0
10,"RXX(X,CcXXX)",100,10000.0,9.456488567167183e-13,9.456488567167183e-17
11,"X[S]rrX[G][-1:80][|, -1:0.9]X[|, -2:-21]",100,10000.0,20.867112741809716,0.0020867112741809715
12,"(rrX(lX(llX[T:1],),lXMMMMX[|1:1.378,-1:-3]rrX[T:-0.407](LlX,,LlX),))",100,10000.0,17.43993630699091,0.001743993630699091
13,"bDdgX(X[@0:1.524][|1:-2.379], rrLC(rX[|T:2.114], rrrLX[|T:2.114], rrrLX[|T:3.939], rLMX[|T:2.936, -1:-0.812], rLMXFX[@1:-1.040][0:-1.331][|G:1.849][T:-2.607], rLMXFcCX[@1:2.227][N][|G:1.849], rLMXFcCX[@0:-2.675, -1:-483.403, 1:-822.175][|G:2.389], X))",100,10000.0,256.48326694979767,0.02564832669497977
14,"X(X, RRMMX[@G:.5](X[@G:.5,-1:1], X))",100,10000.0,8.439000730409907,0.0008439000730409906
15,"FFX[G:-5.141,in:0]MMX[|-1:8.097,in:0.8,fo:0.04]X[|-1:-1.898,fo:1]RRX(X, X)",100,10000.0,0.7769579923304517,7.769579923304516e-05
16,"RRLLLLFFFFX[*][Sin][N,-1:-14.52,-2:3.977,in:0.907657]lllffffX[|,-1:52.083,p:1,r:0.886]RRFFFFXllllF(llllFFFF(lllllX,llllFFFFX))",100,10000.0,38.1263364560274,0.0038126336456027403
17,RXX(XCcXXX),100,10000.0,0.00234589333116936,2.3458933311693602e-07
18,"X[S]rrX[G][-1:80][|, -1:-0.027]X[|, -2:-21]",100,10000.0,12.584341959585059,0.0012584341959585058
19,"(rrX(lX(llX[T:1],),lXMMMMX[|1:1.378,-1:-3]rrX[T:-0.407]l(LlX,,LlX),))",100,10000.0,7.613078808918235,0.0007613078808918235
20,"bDdgX(X[@0:1.524][|1:-2.379], rrLC(rX[|T:2.114], rrrLX[|T:2.114], rrrLX[|T:3.939], rLMX[|T:2.936, -1:-0.812], rLMXFX[@1:-1.040][0:-1.331][|G:1.849][T:-2.607], rLMXFcCX[@1:2.227][N][|G:3.838], rLMXFcCX[@0:-2.675, -1:-483.403, 1:-822.175][|G:2.389], X))",100,10000.0,276.64711616860984,0.027664711616860987
21,"X(X, RRMMX[@G:0.738](X[@G:.5,-1:1], X))",100,10000.0,131.45093102455422,0.013145093102455423
22,"FFX[G:-8.903,in:0]MMX[|-1:8.097,in:0.8,fo:0.04]X[|-1:-1.898,fo:1]RRX(X, X)",100,10000.0,1.2578721924776608,0.00012578721924776608
23,"RRLLLLFFFFX[*][Sin][N,-1:-14.52,-2:3.977,in:0.907657]lllffffX[|,-1:49.545,p:1,r:0.886]RRFFFFXllllF(llllFFFF(lllllX,llllFFFFX))",100,10000.0,38.12633645603076,0.0038126336456030755
24,RXX(XCcX[S]XX),100,10000.0,0.002345893331116188,2.3458933311161877e-07
25,"X[S]rrX[G][-1:80][|, -1:-0.027]X[|, -2:-20.549]",100,10000.0,20.409019931500232,0.0020409019931500235
26,"(rrX(lX(llX,),lXMMMMX[|1:1.378]rrX[T:-0.407]l(LlX,,LlX),))",100,10000.0,0.0015974007014973976,1.5974007014973977e-07
27,"bDdgX(X[@0:1.524][|1:-4.885], rrLC(rX[|T:2.114], rrrLX[|T:2.114], rrrLX[|T:3.939], rLMX[|T:2.936, -1:-0.812], rLMXFX[@1:-1.040][0:-1.331][|G:1.849][T:-2.607], rLMXFcCX[@1:2.227][N][|G:3.838], rLMXFcCX[@0:-2.675, -1:-483.403, 1:-822.175][|G:2.389], X))",100,10000.0,283.27295810758085,0.02832729581075808
28,"X(X, RRMMX[@G:0.738](X[@G:-0.553,-1:1], X))",100,10000.0,133.9731280171378,0.013397312801713784
29,"FFX[G:-8.903,in:0]MMX[|-1:11.318,in:0.8,fo:0.04]X[|-1:-1.898,fo:1]RRX(X, X)",100,10000.0,0.2950659702089343,2.9506597020893435e-05
30,"RRLLLLFFFFX[*][Sin][N,-1:-14.52,-2:3.977,in:0.907657]lllffffX[|,-1:49.545,p:1,r:0.886]RRFFFFXllllF(llllFFFF(lllllXllllFFFFX))",100,10000.0,3.145930288786462,0.0003145930288786462
31,RXX(XCcLX[S]XX),100,10000.0,0.0011114209794105268,1.1114209794105268e-07
32,"X[S]rrX[G][-1:80][|, -1:-0.027]X[|, -2:-23.499]",100,10000.0,19.69947036854522,0.001969947036854522
33,"(rrX(lX(llX,),lXMMMMX[|1:1.378,s:0]rrX[T:-0.407]l(LlX,,LlX),))",100,10000.0,0.0026000086344857365,2.600008634485736e-07
34,"bDdgX(X[@0:1.524][|1:-4.885], rrLC(rX[|T:2.114], rrrLX[|T:2.114], rrrLX[|T:3.939], rLMX[|T:2.936, -1:-0.812], rLMXFX[@1:-1.040][0:-2.097][|G:1.849][T:-2.607], rLMXFcCX[@1:2.227][N][|G:3.838], rLMXFcCX[@0:-2.675, -1:-483.403, 1:-822.175][|G:2.389], X))",100,10000.0,269.8348832736518,0.026983488327365187
35,"X(X, RRMMX[@G:0.738](X[@G:-0.553,-1:0.623], X))",100,10000.0,133.2756468853301,0.013327564688533008
36,"FFX[G:-8.903,in:0]MMX[|-1:11.318,in:0.8,fo:0.04]X[|-1:-1.206,fo:1]RRX(X, X)",100,10000.0,0.39727688103640296,3.97276881036403e-05
37,"RRLLLLFFFFX[*][Sin][N,-1:-19.155,-2:3.977,in:0.907657]lllffffX[|,-1:49.545,p:1,r:0.886]RRFFFFXllllF(llllFFFF(lllllXllllFFFFX))",100,10000.0,3.050272447654069,0.00030502724476540687
38,XX(XCcLX[S]XX),100,10000.0,0.0,0.0
39,"X[S]rrX[G][-1:80][|, -1:-0.027]fX[|, -2:-23.499]",100,10000.0,17.07425746330047,0.001707425746330047
0,X,500,10000.0,0.0,0.0
1,X(X),500,10000.0,0.0,0.0
2,"RXX(X,CXXX)",500,10000.0,1.6045315181896406e-10,1.6045315181896405e-14
3,"XrrX[G][-1:80][|,-1:0.9]X[|,-2:-21]",500,10000.0,18.877864263642945,0.0018877864263642944
4,"(rrX(lX(llX[T:1],),lXMMMMX[|1:2,-1:-3]rrX[T:-0.407](LlX,,LlX),))",500,10000.0,33.788979567660306,0.00337889795676603
5,"bDdgX(X[@0:1.524][|1:-2.379], rrLC(rX[|T:2.114], rrrLX[|T:2.114], rrrLX[|T:3.939], rLMX[|T:2.936, -1:-0.812], rLMXFX[@1:-1.040][0:-1.331][|G:1.849][T:-2.607], rLMXFcCX[@1:2.227][0:-1.331][|G:1.849], rLMXFcCX[@0:-2.675, -1:-483.403, 1:-822.175][|G:2.389], X))",500,10000.0,90.41020151842517,0.009041020151842516
6,"X(X, RRMMX[@G:.5](X[@G:.5], X))",500,10000.0,0.24294199896313756,2.4294199896313757e-05
7,"FFX[G:-5.141,in:0]MMX[|-1:8.097,in:0.8,fo:0.04]X[|-1:1.768,fo:1]RRX(X, X)",500,10000.0,21.05745447057772,0.002105745447057772
8,"RRLLLLFFFFX[*][Sin][N,-1:-14.52,-2:3.977,in:0.907657]lllffffX[|,-1:52.083,p:1,r:0.886]RRFFFFXllllF(llllFFFF(llllX,llllFFFFX))",500,10000.0,34.183389667752905,0.003418338966775291
9,"X(X,)",500,10000.0,0.0,0.0
10,"RXX(X,CcXXX)",500,10000.0,9.352482612457786e-13,9.352482612457785e-17
11,"X[S]rrX[G][-1:80][|, -1:0.9]X[|, -2:-21]",500,10000.0,11.778394720591109,0.001177839472059111
12,"(rrX(lX(llX[T:1],),lXMMMMX[|1:1.378,-1:-3]rrX[T:-0.407](LlX,,LlX),))",500,10000.0,10.301857655626694,0.0010301857655626693
13,"bDdgX(X[@0:1.524][|1:-2.379], rrLC(rX[|T:2.114], rrrLX[|T:2.114], rrrLX[|T:3.939], rLMX[|T:2.936, -1:-0.812], rLMXFX[@1:-1.040][0:-1.331][|G:1.849][T:-2.607], rLMXFcCX[@1:2.227][N][|G:1.849], rLMXFcCX[@0:-2.675, -1:-483.403, 1:-822.175][|G:2.389], X))",500,10000.0,93.72747126272236,0.009372747126272236
14,"X(X, RRMMX[@G:.5](X[@G:.5,-1:1], X))",500,10000.0,7.966740040975061,0.0007966740040975061
15,"FFX[G:-5.141,in:0]MMX[|-1:8.097,in:0.8,fo:0.04]X[|-1:-1.898,fo:1]RRX(X, X)",500,10000.0,0.27608643373445885,2.7608643373445886e-05
16,"RRLLLLFFFFX[*][Sin][N,-1:-14.52,-2:3.977,in:0.907657]lllffffX[|,-1:52.083,p:1,r:0.886]RRFFFFXllllF(llllFFFF(lllllX,llllFFFFX))",500,10000.0,33.75635655635591,0.0033756356556355915
17,RXX(XCcXXX),500,10000.0,0.002345893331106387,2.3458933311063868e-07
18,"X[S]rrX[G][-1:80][|, -1:-0.027]X[|, -2:-21]",500,10000.0,17.85838663574359,0.001785838663574359
19,"(rrX(lX(llX[T:1],),lXMMMMX[|1:1.378,-1:-3]rrX[T:-0.407]l(LlX,,LlX),))",500,10000.0,9.056640436452017,0.0009056640436452017
20,"bDdgX(X[@0:1.524][|1:-2.379], rrLC(rX[|T:2.114], rrrLX[|T:2.114], rrrLX[|T:3.939], rLMX[|T:2.936, -1:-0.812], rLMXFX[@1:-1.040][0:-1.331][|G:1.849][T:-2.607], rLMXFcCX[@1:2.227][N][|G:3.838], rLMXFcCX[@0:-2.675, -1:-483.403, 1:-822.175][|G:2.389], X))",500,10000.0,197.3421231548637,0.019734212315486374
21,"X(X, RRMMX[@G:0.738](X[@G:.5,-1:1], X))",500,10000.0,129.64736114056342,0.01296473611405634
22,"FFX[G:-8.903,in:0]MMX[|-1:8.097,in:0.8,fo:0.04]X[|-1:-1.898,fo:1]RRX(X, X)",500,10000.0,0.27608827352327037,2.7608827352327037e-05
23,"RRLLLLFFFFX[*][Sin][N,-1:-14.52,-2:3.977,in:0.907657]lllffffX[|,-1:49.545,p:1,r:0.886]RRFFFFXllllF(llllFFFF(lllllX,llllFFFFX))",500,10000.0,33.75635655635965,0.003375635655635965
24,RXX(XCcX[S]XX),500,10000.0,0.0023458933310947904,2.34589333109479e-07
25,"X[S]rrX[G][-1:80][|, -1:-0.027]X[|, -2:-20.549]",500,10000.0,10.911189607515821,0.001091118960751582
26,"(rrX(lX(llX,),lXMMMMX[|1:1.378]rrX[T:-0.407]l(LlX,,LlX),))",500,10000.0,0.0005331848924914766,5.331848924914766e-08
27,"bDdgX(X[@0:1.524][|1:-4.885], rrLC(rX[|T:2.114], rrrLX[|T:2.114], rrrLX[|T:3.939], rLMX[|T:2.936, -1:-0.812], rLMXFX[@1:-1.040][0:-1.331][|G:1.849][T:-2.607], rLMXFcCX[@1:2.227][N][|G:3.838], rLMXFcCX[@0:-2.675, -1:-483.403, 1:-822.175][|G:2.389], X))",500,10000.0,182.40901562723153,0.018240901562723153
28,"X(X, RRMMX[@G:0.738](X[@G:-0.553,-1:1], X))",500,10000.0,132.22881530327044,0.013222881530327045
29,"FFX[G:-8.903,in:0]MMX[|-1:11.318,in:0.8,fo:0.04]X[|-1:-1.898,fo:1]RRX(X, X)",500,10000.0,0.3161220571064119,3.1612205710641184e-05
30,"RRLLLLFFFFX[*][Sin][N,-1:-14.52,-2:3.977,in:0.907657]lllffffX[|,-1:49.545,p:1,r:0.886]RRFFFFXllllF(llllFFFF(lllllXllllFFFFX))",500,10000.0,1.8390160767554349,0.00018390160767554347
31,RXX(XCcLX[S]XX),500,10000.0,0.0011114209793426292,1.1114209793426291e-07
32,"X[S]rrX[G][-1:80][|, -1:-0.027]X[|, -2:-23.499]",500,10000.0,4.038886257883053,0.0004038886257883053
33,"(rrX(lX(llX,),lXMMMMX[|1:1.378,s:0]rrX[T:-0.407]l(LlX,,LlX),))",500,10000.0,0.0005351829514465669,5.3518295144656685e-08
34,"bDdgX(X[@0:1.524][|1:-4.885], rrLC(rX[|T:2.114], rrrLX[|T:2.114], rrrLX[|T:3.939], rLMX[|T:2.936, -1:-0.812], rLMXFX[@1:-1.040][0:-2.097][|G:1.849][T:-2.607], rLMXFcCX[@1:2.227][N][|G:3.838], rLMXFcCX[@0:-2.675, -1:-483.403, 1:-822.175][|G:2.389], X))",500,10000.0,180.97061429792222,0.018097061429792224
35,"X(X, RRMMX[@G:0.738](X[@G:-0.553,-1:0.623], X))",500,10000.0,131.5046382608909,0.01315046382608909
36,"FFX[G:-8.903,in:0]MMX[|-1:11.318,in:0.8,fo:0.04]X[|-1:-1.206,fo:1]RRX(X, X)",500,10000.0,0.47233031730118236,4.7233031730118234e-05
37,"RRLLLLFFFFX[*][Sin][N,-1:-19.155,-2:3.977,in:0.907657]lllffffX[|,-1:49.545,p:1,r:0.886]RRFFFFXllllF(llllFFFF(lllllXllllFFFFX))",500,10000.0,1.5309136013054254,0.00015309136013054252
38,XX(XCcLX[S]XX),500,10000.0,0.0,0.0
39,"X[S]rrX[G][-1:80][|, -1:-0.027]fX[|, -2:-23.499]",500,10000.0,15.293081114884055,0.0015293081114884054
0,X,2000,10000.0,0.0,0.0
1,X(X),2000,10000.0,0.0,0.0
2,"RXX(X,CXXX)",2000,10000.0,1.6044218876990075e-10,1.6044218876990074e-14
3,"XrrX[G][-1:80][|,-1:0.9]X[|,-2:-21]",2000,10000.0,4.710946698052276,0.0004710946698052276
4,"(rrX(lX(llX[T:1],),lXMMMMX[|1:2,-1:-3]rrX[T:-0.407](LlX,,LlX),))",2000,10000.0,25.80210387202745,0.002580210387202745
5,"bDdgX(X[@0:1.524][|1:-2.379], rrLC(rX[|T:2.114], rrrLX[|T:2.114], rrrLX[|T:3.939], rLMX[|T:2.936, -1:-0.812], rLMXFX[@1:-1.040][0:-1.331][|G:1.849][T:-2.607], rLMXFcCX[@1:2.227][0:-1.331][|G:1.849], rLMXFcCX[@0:-2.675, -1:-483.403, 1:-822.175][|G:2.389], X))",2000,10000.0,26.064098580627636,0.0026064098580627637
6,"X(X, RRMMX[@G:.5](X[@G:.5], X))",2000,10000.0,0.22216888437861126,2.2216888437861127e-05
7,"FFX[G:-5.141,in:0]MMX[|-1:8.097,in:0.8,fo:0.04]X[|-1:1.768,fo:1]RRX(X, X)",2000,10000.0,0.3069947245582926,3.069947245582925e-05
8,"RRLLLLFFFFX[*][Sin][N,-1:-14.52,-2:3.977,in:0.907657]lllffffX[|,-1:52.083,p:1,r:0.886]RRFFFFXllllF(llllFFFF(llllX,llllFFFFX))",2000,10000.0,34.08941725221404,0.003408941725221404
9,"X(X,)",2000,10000.0,0.0,0.0
10,"RXX(X,CcXXX)",2000,10000.0,9.304774489562847e-13,9.304774489562848e-17
11,"X[S]rrX[G][-1:80][|, -1:0.9]X[|, -2:-21]",2000,10000.0,5.0936743799028275,0.0005093674379902828
12,"(rrX(lX(llX[T:1],),lXMMMMX[|1:1.378,-1:-3]rrX[T:-0.407](LlX,,LlX),))",2000,10000.0,14.033890422686879,0.0014033890422686878
13,"bDdgX(X[@0:1.524][|1:-2.379], rrLC(rX[|T:2.114], rrrLX[|T:2.114], rrrLX[|T:3.939], rLMX[|T:2.936, -1:-0.812], rLMXFX[@1:-1.040][0:-1.331][|G:1.849][T:-2.607], rLMXFcCX[@1:2.227][N][|G:1.849], rLMXFcCX[@0:-2.675, -1:-483.403, 1:-822.175][|G:2.389], X))",2000,10000.0,29.602678912254838,0.002960267891225484
14,"X(X, RRMMX[@G:.5](X[@G:.5,-1:1], X))",2000,10000.0,7.481153380750428,0.0007481153380750427
15,"FFX[G:-5.141,in:0]MMX[|-1:8.097,in:0.8,fo:0.04]X[|-1:-1.898,fo:1]RRX(X, X)",2000,10000.0,0.2756461932609081,2.756461932609081e-05
16,"RRLLLLFFFFX[*][Sin][N,-1:-14.52,-2:3.977,in:0.907657]lllffffX[|,-1:52.083,p:1,r:0.886]RRFFFFXllllF(llllFFFF(lllllX,llllFFFFX))",2000,10000.0,33.67654443705561,0.0033676544437055613
17,RXX(XCcXXX),2000,10000.0,0.002345893331082142,2.3458933310821423e-07
18,"X[S]rrX[G][-1:80][|, -1:-0.027]X[|, -2:-21]",2000,10000.0,4.540217154256381,0.0004540217154256381
19,"(rrX(lX(llX[T:1],),lXMMMMX[|1:1.378,-1:-3]rrX[T:-0.407]l(LlX,,LlX),))",2000,10000.0,18.222527686134104,0.0018222527686134104
20,"bDdgX(X[@0:1.524][|1:-2.379], rrLC(rX[|T:2.114], rrrLX[|T:2.114], rrrLX[|T:3.939], rLMX[|T:2.936, -1:-0.812], rLMXFX[@1:-1.040][0:-1.331][|G:1.849][T:-2.607], rLMXFcCX[@1:2.227][N][|G:3.838], rLMXFcCX[@0:-2.675, -1:-483.403, 1:-822.175][|G:2.389], X))",2000,10000.0,39.34489473082722,0.003934489473082722
21,"X(X, RRMMX[@G:0.738](X[@G:.5,-1:1], X))",2000,10000.0,129.6348422146702,0.01296348422146702
22,"FFX[G:-8.903,in:0]MMX[|-1:8.097,in:0.8,fo:0.04]X[|-1:-1.898,fo:1]RRX(X, X)",2000,10000.0,0.29056975484488823,2.9056975484488824e-05
23,"RRLLLLFFFFX[*][Sin][N,-1:-14.52,-2:3.977,in:0.907657]lllffffX[|,-1:49.545,p:1,r:0.886]RRFFFFXllllF(llllFFFF(lllllX,llllFFFFX))",2000,10000.0,33.67654443706405,0.0033676544437064053
24,RXX(XCcX[S]XX),2000,10000.0,0.0023458933310838426,2.3458933310838427e-07
25,"X[S]rrX[G][-1:80][|, -1:-0.027]X[|, -2:-20.549]",2000,10000.0,3.298916788284826,0.0003298916788284826
26,"(rrX(lX(llX,),lXMMMMX[|1:1.378]rrX[T:-0.407]l(LlX,,LlX),))",2000,10000.0,0.0005094428599130114,5.094428599130113e-08
27,"bDdgX(X[@0:1.524][|1:-4.885], rrLC(rX[|T:2.114], rrrLX[|T:2.114], rrrLX[|T:3.939], rLMX[|T:2.936, -1:-0.812], rLMXFX[@1:-1.040][0:-1.331][|G:1.849][T:-2.607], rLMXFcCX[@1:2.227][N][|G:3.838], rLMXFcCX[@0:-2.675, -1:-483.403, 1:-822.175][|G:2.389], X))",2000,10000.0,44.65529790711738,0.0044655297907117385
28,"X(X, RRMMX[@G:0.738](X[@G:-0.553,-1:1], X))",2000,10000.0,131.15381742730852,0.013115381742730853
29,"FFX[G:-8.903,in:0]MMX[|-1:11.318,in:0.8,fo:0.04]X[|-1:-1.898,fo:1]RRX(X, X)",2000,10000.0,0.29030569930120637,2.9030569930120636e-05
30,"RRLLLLFFFFX[*][Sin][N,-1:-14.52,-2:3.977,in:0.907657]lllffffX[|,-1:49.545,p:1,r:0.886]RRFFFFXllllF(llllFFFF(lllllXllllFFFFX))",2000,10000.0,1.6774955008357135,0.00016774955008357133
31,RXX(XCcLX[S]XX),2000,10000.0,0.001111420979308839,1.111420979308839e-07
32,"X[S]rrX[G][-1:80][|, -1:-0.027]X[|, -2:-23.499]",2000,10000.0,3.2485253124191855,0.00032485253124191855
33,"(rrX(lX(llX,),lXMMMMX[|1:1.378,s:0]rrX[T:-0.407]l(LlX,,LlX),))",2000,10000.0,0.0005087335772312688,5.087335772312687e-08
34,"bDdgX(X[@0:1.524][|1:-4.885], rrLC(rX[|T:2.114], rrrLX[|T:2.114], rrrLX[|T:3.939], rLMX[|T:2.936, -1:-0.812], rLMXFX[@1:-1.040][0:-2.097][|G:1.849][T:-2.607], rLMXFcCX[@1:2.227][N][|G:3.838], rLMXFcCX[@0:-2.675, -1:-483.403, 1:-822.175][|G:2.389], X))",2000,10000.0,34.676178757340196,0.0034676178757340193
35,"X(X, RRMMX[@G:0.738](X[@G:-0.553,-1:0.623], X))",2000,10000.0,129.7947601258607,0.012979476012586071
36,"FFX[G:-8.903,in:0]MMX[|-1:11.318,in:0.8,fo:0.04]X[|-1:-1.206,fo:1]RRX(X, X)",2000,10000.0,0.47200095508446505,4.7200095508446504e-05
37,"RRLLLLFFFFX[*][Sin][N,-1:-19.155,-2:3.977,in:0.907657]lllffffX[|,-1:49.545,p:1,r:0.886]RRFFFFXllllF(llllFFFF(lllllXllllFFFFX))",2000,10000.0,1.246637310335823,0.0001246637310335823
38,XX(XCcLX[S]XX),2000,10000.0,0.0,0.0
39,"X[S]rrX[G][-1:80][|, -1:-0.027]fX[|, -2:-23.499]",2000,10000.0,4.0534647938818775,0.0004053464793881877
0,X,10000,10000.0,0.0,0.0
1,X(X),10000,10000.0,0.0,0.0
2,"RXX(X,CXXX)",10000,10000.0,1.6043860030886568e-10,1.6043860030886567e-14
3,"XrrX[G][-1:80][|,-1:0.9]X[|,-2:-21]",10000,10000.0,2.9227756940459964,0.0002922775694045996
4,"(rrX(lX(llX[T:1],),lXMMMMX[|1:2,-1:-3]rrX[T:-0.407](LlX,,LlX),))",10000,10000.0,5.140849977965357,0.0005140849977965357
5,"bDdgX(X[@0:1.524][|1:-2.379], rrLC(rX[|T:2.114], rrrLX[|T:2.114], rrrLX[|T:3.939], rLMX[|T:2.936, -1:-0.812], rLMXFX[@1:-1.040][0:-1.331][|G:1.849][T:-2.607], rLMXFcCX[@1:2.227][0:-1.331][|G:1.849], rLMXFcCX[@0:-2.675, -1:-483.403, 1:-822.175][|G:2.389], X))",10000,10000.0,10.577123760853517,0.0010577123760853518
6,"X(X, RRMMX[@G:.5](X[@G:.5], X))",10000,10000.0,0.22109435103188996,2.2109435103188997e-05
7,"FFX[G:-5.141,in:0]MMX[|-1:8.097,in:0.8,fo:0.04]X[|-1:1.768,fo:1]RRX(X, X)",10000,10000.0,7.2188501729792245,0.0007218850172979224
8,"RRLLLLFFFFX[*][Sin][N,-1:-14.52,-2:3.977,in:0.907657]lllffffX[|,-1:52.083,p:1,r:0.886]RRFFFFXllllF(llllFFFF(llllX,llllFFFFX))",10000,10000.0,34.08107666704452,0.0034081076667044517
9,"X(X,)",10000,10000.0,0.0,0.0
10,"RXX(X,CcXXX)",10000,10000.0,9.304776417545273e-13,9.304776417545272e-17
11,"X[S]rrX[G][-1:80][|, -1:0.9]X[|, -2:-21]",10000,10000.0,2.5459895430693527,0.00025459895430693526
12,"(rrX(lX(llX[T:1],),lXMMMMX[|1:1.378,-1:-3]rrX[T:-0.407](LlX,,LlX),))",10000,10000.0,6.135385188821476,0.0006135385188821476
13,"bDdgX(X[@0:1.524][|1:-2.379], rrLC(rX[|T:2.114], rrrLX[|T:2.114], rrrLX[|T:3.939], rLMX[|T:2.936, -1:-0.812], rLMXFX[@1:-1.040][0:-1.331][|G:1.849][T:-2.607], rLMXFcCX[@1:2.227][N][|G:1.849], rLMXFcCX[@0:-2.675, -1:-483.403, 1:-822.175][|G:2.389], X))",10000,10000.0,17.10700760975409,0.0017107007609754089
14,"X(X, RRMMX[@G:.5](X[@G:.5,-1:1], X))",10000,10000.0,12.352909765553793,0.001235290976555379
15,"FFX[G:-5.141,in:0]MMX[|-1:8.097,in:0.8,fo:0.04]X[|-1:-1.898,fo:1]RRX(X, X)",10000,10000.0,0.28819685762662905,2.8819685762662903e-05
16,"RRLLLLFFFFX[*][Sin][N,-1:-14.52,-2:3.977,in:0.907657]lllffffX[|,-1:52.083,p:1,r:0.886]RRFFFFXllllF(llllFFFF(lllllX,llllFFFFX))",10000,10000.0,33.531833355453,0.0033531833355453008
17,RXX(XCcXXX),10000,10000.0,0.002345893331081483,2.345893331081483e-07
18,"X[S]rrX[G][-1:80][|, -1:-0.027]X[|, -2:-21]",10000,10000.0,1.0387061791854908,0.00010387061791854909
19,"(rrX(lX(llX[T:1],),lXMMMMX[|1:1.378,-1:-3]rrX[T:-0.407]l(LlX,,LlX),))",10000,10000.0,5.519731653125939,0.000551973165312594
20,"bDdgX(X[@0:1.524][|1:-2.379], rrLC(rX[|T:2.114], rrrLX[|T:2.114], rrrLX[|T:3.939], rLMX[|T:2.936, -1:-0.812], rLMXFX[@1:-1.040][0:-1.331][|G:1.849][T:-2.607], rLMXFcCX[@1:2.227][N][|G:3.838], rLMXFcCX[@0:-2.675, -1:-483.403, 1:-822.175][|G:2.389], X))",10000,10000.0,26.9349921004492,0.00269349921004492
21,"X(X, RRMMX[@G:0.738](X[@G:.5,-1:1], X))",10000,10000.0,128.35572099338356,0.012835572099338353
22,"FFX[G:-8.903,in:0]MMX[|-1:8.097,in:0.8,fo:0.04]X[|-1:-1.898,fo:1]RRX(X, X)",10000,10000.0,0.2923703802388854,2.9237038023888544e-05
23,"RRLLLLFFFFX[*][Sin][N,-1:-14.52,-2:3.977,in:0.907657]lllffffX[|,-1:49.545,p:1,r:0.886]RRFFFFXllllF(llllFFFF(lllllX,llllFFFFX))",10000,10000.0,33.531833355467725,0.003353183335546772
24,RXX(XCcX[S]XX),10000,10000.0,0.0023458933310817505,2.3458933310817503e-07
25,"X[S]rrX[G][-1:80][|, -1:-0.027]X[|, -2:-20.549]",10000,10000.0,0.8394628871243859,8.394628871243859e-05
26,"(rrX(lX(llX,),lXMMMMX[|1:1.378]rrX[T:-0.407]l(LlX,,LlX),))",10000,10000.0,0.0005048516474324173,5.048516474324174e-08
27,"bDdgX(X[@0:1.524][|1:-4.885], rrLC(rX[|T:2.114], rrrLX[|T:2.114], rrrLX[|T:3.939], rLMX[|T:2.936, -1:-0.812], rLMXFX[@1:-1.040][0:-1.331][|G:1.849][T:-2.607], rLMXFcCX[@1:2.227][N][|G:3.838], rLMXFcCX[@0:-2.675, -1:-483.403, 1:-822.175][|G:2.389], X))",10000,10000.0,14.98414022200544,0.001498414022200544
28,"X(X, RRMMX[@G:0.738](X[@G:-0.553,-1:1], X))",10000,10000.0,105.88776978412298,0.010588776978412298
29,"FFX[G:-8.903,in:0]MMX[|-1:11.318,in:0.8,fo:0.04]X[|-1:-1.898,fo:1]RRX(X, X)",10000,10000.0,0.28993725478175825,2.8993725478175823e-05
30,"RRLLLLFFFFX[*][Sin][N,-1:-14.52,-2:3.977,in:0.907657]lllffffX[|,-1:49.545,p:1,r:0.886]RRFFFFXllllF(llllFFFF(lllllXllllFFFFX))",10000,10000.0,1.6774954718843098,0.00016774954718843098
31,RXX(XCcLX[S]XX),10000,10000.0,0.0011114209793054504,1.1114209793054503e-07
32,"X[S]rrX[G][-1:80][|, -1:-0.027]X[|, -2:-23.499]",10000,10000.0,2.6028522180882914,0.00026028522180882914
33,"(rrX(lX(llX,),lXMMMMX[|1:1.378,s:0]rrX[T:-0.407]l(LlX,,LlX),))",10000,10000.0,0.000504897864632588,5.04897864632588e-08
34,"bDdgX(X[@0:1.524][|1:-4.885], rrLC(rX[|T:2.114], rrrLX[|T:2.114], rrrLX[|T:3.939], rLMX[|T:2.936, -1:-0.812], rLMXFX[@1:-1.040][0:-2.097][|G:1.849][T:-2.607], rLMXFcCX[@1:2.227][N][|G:3.838], rLMXFcCX[@0:-2.675, -1:-483.403, 1:-822.175][|G:2.389], X))",10000,10000.0,13.54813474903882,0.001354813474903882
35,"X(X, RRMMX[@G:0.738](X[@G:-0.553,-1:0.623], X))",10000,10000.0,90.41623011820346,0.009041623011820345
36,"FFX[G:-8.903,in:0]MMX[|-1:11.318,in:0.8,fo:0.04]X[|-1:-1.206,fo:1]RRX(X, X)",10000,10000.0,0.47210561469883805,4.72105614698838e-05
37,"RRLLLLFFFFX[*][Sin][N,-1:-19.155,-2:3.977,in:0.907657]lllffffX[|,-1:49.545,p:1,r:0.886]RRFFFFXllllF(llllFFFF(lllllXllllFFFFX))",10000,10000.0,1.2466373101423769,0.00012466373101423768
38,XX(XCcLX[S]XX),10000,10000.0,0.0,0.0
39,"X[S]rrX[G][-1:80][|, -1:-0.027]fX[|, -2:-23.499]",10000,10000.0,1.3786134626519906,0.00013786134626519905
